"coordinates(x,y,z)",activity,,"coordinates(x,y,z)",activity,,"coordinates(x,y,z)",activity,,"coordinates(x,y,z)",activity,,,
{1096; 2170; 852},walk,,{1106; 2382; 978},stop/move/stand,,{1024; 2092; 756},stop/static/stand,,{1370; 1256; 464},stop/static/seat,,{1530; 1408; 640},stop/move/seat
{1062; 2026; 770},walk,,{1170; 2236; 898},stop/move/stand,,{1074; 2034; 734},stop/static/stand,,{1342; 1168; 438},stop/static/seat,,{1500; 1222; 566},stop/move/seat
{1064; 1636; 588},walk,,{1086; 2264; 884},stop/move/stand,,{1042; 2096; 766},stop/static/stand,,{1268; 1374; 468},stop/static/seat,,{1446; 1358; 606},stop/move/seat
{1472; 1658; 658},walk,,{1168; 2228; 898},stop/move/stand,,{1022; 2102; 768},stop/static/stand,,{1268; 1362; 470},stop/static/seat,,{1542; 942; 468},stop/move/seat
{1402; 1724; 634},walk,,{1152; 2384; 996},stop/move/stand,,{1054; 2138; 802},stop/static/stand,,{1262; 1430; 496},stop/static/seat,,{1490; 1540; 720},stop/move/seat
{1060; 2050; 696},walk,,{1108; 2460; 1140},stop/move/stand,,{1016; 2196; 832},stop/static/stand,,{1228; 1392; 466},stop/static/seat,,{1164; 2020; 904},stop/move/seat
{942; 1678; 466},walk,,{1034; 2570; 1156},stop/move/stand,,{1054; 2160; 824},stop/static/stand,,{1232; 1362; 456},stop/static/seat,,{1550; 1426; 688},stop/move/seat
{1022; 1608; 478},walk,,{1000; 2864; 1246},stop/move/stand,,{1030; 2216; 850},stop/static/stand,,{1234; 1330; 446},stop/static/seat,,{1444; 1586; 714},stop/move/seat
{1296; 1746; 592},walk,,{992; 2702; 1252},stop/move/stand,,{1060; 2288; 910},stop/static/stand,,{1230; 1252; 412},stop/static/seat,,{792; 3356; 2272},stop/move/seat
{1382; 1278; 472},walk,,{990; 2718; 1228},stop/move/stand,,{984; 2242; 850},stop/static/stand,,{1234; 1256; 420},stop/static/seat,,{692; 2944; 1572},stop/move/seat
{1866; 18; 396},walk,,{1030; 2652; 1160},stop/move/stand,,{1098; 2226; 888},stop/static/stand,,{1240; 1232; 412},stop/static/seat,,{216; 3098; 1578},stop/move/seat
{1590; 536; 386},walk,,{1050; 2614; 1144},stop/move/stand,,{1082; 2306; 936},stop/static/stand,,{1240; 1328; 448},stop/static/seat,,{1060; 2830; 1556},stop/move/seat
{1316; 1992; 764},walk,,{1148; 2648; 1234},stop/move/stand,,{1070; 2340; 964},stop/static/stand,,{1242; 1362; 460},stop/static/seat,,{1070; 3032; 1748},stop/move/seat
{1192; 1860; 734},walk,,{1116; 2604; 1180},stop/move/stand,,{1070; 2304; 930},stop/static/stand,,{1214; 1382; 464},stop/static/seat,,{940; 3168; 1888},stop/move/seat
{1670; 1934; 930},walk,,{1060; 2662; 1214},stop/move/stand,,{1104; 2256; 908},stop/static/stand,,{1230; 1380; 466},stop/static/seat,,{1136; 3090; 1860},stop/move/seat
{1290; 1986; 866},walk,,{400; 3270; 1842},stop/move/stand,,{1116; 2264; 920},stop/static/stand,,{1284; 1340; 470},stop/static/seat,,{984; 3154; 1810},stop/move/seat
{1274; 2030; 774},walk,,{1222; 1636; 676},stop/move/stand,,{1102; 2290; 932},stop/static/stand,,{1284; 1342; 472},stop/static/seat,,{1534; 1048; 520},stop/move/seat
{1318; 2112; 838},walk,,{868; 2724; 1148},stop/move/stand,,{1108; 2272; 920},stop/static/stand,,{1288; 1340; 472},stop/static/seat,,{1418; 1306; 534},stop/move/seat
{1284; 2090; 826},walk,,{990; 2536; 1096},stop/move/stand,,{1100; 2286; 926},stop/static/stand,,{1308; 1276; 454},stop/static/seat,,{1444; 1136; 482},stop/move/seat
{1482; 1934; 876},walk,,{980; 2494; 1062},stop/move/stand,,{1098; 2280; 924},stop/static/stand,,{1328; 1238; 450},stop/static/seat,,{1456; 1154; 516},stop/move/seat
{1204; 2300; 970},walk,,{1020; 2480; 960},stop/move/stand,,{1164; 2232; 914},stop/static/stand,,{1322; 1220; 452},stop/static/seat,,{1410; 1204; 496},stop/move/seat
{1188; 2190; 870},walk,,{1046; 2384; 1010},stop/move/stand,,{1194; 2168; 882},stop/static/stand,,{1322; 1226; 442},stop/static/seat,,{1414; 1054; 414},stop/move/seat
{1128; 2138; 756},walk,,{1040; 2290; 916},stop/move/stand,,{1230; 2182; 908},stop/static/stand,,{1322; 1224; 448},stop/static/seat,,{1392; 1170; 460},stop/move/seat
{1090; 2134; 818},walk,,{1234; 2482; 1108},stop/move/stand,,{1152; 2250; 920},stop/static/stand,,{1324; 1228; 444},stop/static/seat,,{1382; 1232; 486},stop/move/seat
{1242; 2260; 1016},walk,,{1084; 2540; 1164},stop/move/stand,,{1172; 2242; 926},stop/static/stand,,{1322; 1232; 448},stop/static/seat,,{1382; 1168; 448},stop/move/seat
{1258; 2236; 892},walk,,{992; 2444; 1016},stop/move/stand,,{1148; 2278; 942},stop/static/stand,,{1320; 1242; 448},stop/static/seat,,{1392; 1112; 430},stop/move/seat
{1320; 2506; 1182},walk,,{386; 2768; 1216},stop/move/stand,,{1168; 2234; 920},stop/static/stand,,{1322; 1248; 450},stop/static/seat,,{1384; 1168; 456},stop/move/seat
{1252; 2492; 972},walk,,{302; 2836; 1270},stop/move/stand,,{1156; 2274; 944},stop/static/stand,,{1324; 1246; 454},stop/static/seat,,{1370; 1250; 484},stop/move/seat
{1188; 2558; 1090},walk,,{1052; 2326; 932},stop/move/stand,,{1158; 2264; 940},stop/static/stand,,{1328; 1230; 452},stop/static/seat,,{1486; 1194; 532},stop/move/seat
{1300; 2444; 1184},walk,,{660; 2426; 924},stop/move/stand,,{1160; 2274; 946},stop/static/stand,,{1328; 1240; 452},stop/static/seat,,,
{1064; 2620; 1184},walk,,{1104; 2258; 946},stop/move/stand,,{1156; 2288; 956},stop/static/stand,,{1326; 1250; 454},stop/static/seat,,,
{964; 2218; 864},walk,,{1038; 2468; 1090},stop/move/stand,,{1168; 2258; 938},stop/static/stand,,{1328; 1258; 458},stop/static/seat,,,
{1162; 2206; 846},walk,,{1020; 2392; 978},stop/move/stand,,{1156; 2258; 936},stop/static/stand,,{1334; 1240; 456},stop/static/seat,,,
{970; 2214; 812},walk,,{998; 2290; 888},stop/move/stand,,{1154; 2260; 944},stop/static/stand,,{1330; 1278; 468},stop/static/seat,,,
{1110; 2254; 834},walk,,{996; 2360; 934},stop/move/stand,,{1136; 2322; 972},stop/static/stand,,{1356; 1300; 488},stop/static/seat,,,
{1160; 2372; 1002},walk,,{1034; 2326; 924},stop/move/stand,,{1144; 2284; 948},stop/static/stand,,{1358; 1316; 496},stop/static/seat,,,
{1144; 2354; 1030},walk,,{948; 2456; 964},stop/move/stand,,{1152; 2226; 910},stop/static/stand,,{1340; 1358; 500},stop/static/seat,,,
{1038; 2418; 914},walk,,{874; 2346; 874},stop/move/stand,,{1144; 2242; 924},stop/static/stand,,{1346; 1348; 500},stop/static/seat,,,
{916; 2384; 884},walk,,{964; 2356; 916},stop/move/stand,,{1074; 2310; 942},stop/static/stand,,{1346; 1358; 502},stop/static/seat,,,
{1028; 2378; 892},walk,,{950; 2380; 920},stop/move/stand,,{1112; 2344; 984},stop/static/stand,,{1352; 1318; 494},stop/static/seat,,,
{952; 2322; 848},walk,,{960; 2442; 952},stop/move/stand,,{1094; 2360; 986},stop/static/stand,,{1318; 1288; 460},stop/static/seat,,,
{1098; 2534; 1052},walk,,{990; 2446; 998},stop/move/stand,,{1094; 2386; 1010},stop/static/stand,,{1322; 1082; 402},stop/static/seat,,,
{1094; 2564; 1128},walk,,{978; 2422; 976},stop/move/stand,,{1090; 2438; 1048},stop/static/stand,,{1306; 1304; 470},stop/static/seat,,,
{896; 2288; 848},walk,,{986; 2440; 1000},stop/move/stand,,{1100; 2456; 1070},stop/static/stand,,{1410; 1244; 482},stop/static/seat,,,
{1252; 2332; 942},walk,,{754; 3230; 1918},stop/move/stand,,{1088; 2454; 1064},stop/static/stand,,{1396; 1252; 484},stop/static/seat,,,
{1030; 2116; 758},walk,,{1136; 2066; 860},stop/move/stand,,{1096; 2426; 1044},stop/static/stand,,{1396; 1250; 486},stop/static/seat,,,
{1008; 2052; 684},walk,,{988; 2146; 776},stop/move/stand,,{1096; 2424; 1040},stop/static/stand,,{1396; 1252; 486},stop/static/seat,,,
{1218; 2296; 948},walk,,{740; 2866; 1358},stop/move/stand,,{1106; 2406; 1032},stop/static/stand,,{1404; 1248; 488},stop/static/seat,,,
{1034; 2096; 852},walk,,{1198; 1810; 698},stop/move/stand,,{1104; 2442; 1062},stop/static/stand,,{1436; 1214; 492},stop/static/seat,,,
{1050; 2210; 824},walk,,{788; 2396; 906},stop/move/stand,,{1070; 2484; 1082},stop/static/stand,,{1408; 1222; 478},stop/static/seat,,,
{802; 2382; 816},walk,,{958; 2364; 934},stop/move/stand,,{1042; 2370; 978},stop/static/stand,,{1400; 1218; 476},stop/static/seat,,,
{942; 2328; 774},walk,,{930; 2612; 1206},stop/move/stand,,{1040; 2376; 988},stop/static/stand,,{1400; 1212; 474},stop/static/seat,,,
{1082; 2158; 736},walk,,{1452; 3514; 2898},stop/move/stand,,{1044; 2410; 1010},stop/static/stand,,{1396; 1222; 474},stop/static/seat,,,
{1156; 2462; 1062},walk,,{1052; 1920; 670},stop/move/stand,,{1078; 2448; 1054},stop/static/stand,,{1398; 1206; 472},stop/static/seat,,,
{894; 2296; 910},walk,,{-12; 3108; 1712},stop/move/stand,,{1042; 2440; 1036},stop/static/stand,,{1400; 1202; 472},stop/static/seat,,,
{1076; 2208; 850},walk,,{1086; 2254; 940},stop/move/stand,,{1010; 2472; 1048},stop/static/stand,,{1396; 1222; 474},stop/static/seat,,,
{1212; 2114; 750},walk,,{946; 2258; 834},stop/move/stand,,{1036; 2414; 1014},stop/static/stand,,{1396; 1210; 476},stop/static/seat,,,
{1030; 2202; 808},walk,,{890; 2630; 1114},stop/move/stand,,{1046; 2386; 996},stop/static/stand,,{1400; 1202; 472},stop/static/seat,,,
{788; 2314; 834},walk,,{994; 2348; 930},stop/move/stand,,{1048; 2390; 996},stop/static/stand,,{1396; 1232; 478},stop/static/seat,,,
{852; 2438; 900},walk,,{1028; 2418; 998},stop/move/stand,,{1056; 2366; 980},stop/static/stand,,{1398; 1216; 476},stop/static/seat,,,
{1106; 2314; 902},walk,,{1038; 2328; 948},stop/move/stand,,{1082; 2326; 962},stop/static/stand,,{1400; 1206; 474},stop/static/seat,,,
{910; 2284; 850},walk,,{1062; 2444; 1026},stop/move/stand,,{1088; 2308; 946},stop/static/stand,,{1400; 1222; 478},stop/static/seat,,,
{1142; 2172; 896},walk,,{1074; 2390; 994},stop/move/stand,,{1106; 2282; 934},stop/static/stand,,{1400; 1226; 476},stop/static/seat,,,
{1144; 2224; 870},walk,,{1100; 2356; 1008},stop/move/stand,,{1126; 2284; 942},stop/static/stand,,{1406; 1206; 476},stop/static/seat,,,
{1248; 2440; 998},walk,,{1026; 2480; 1078},stop/move/stand,,{1246; 2238; 964},stop/static/stand,,{1408; 1200; 474},stop/static/seat,,,
{910; 2312; 808},walk,,{1070; 2414; 1036},stop/move/stand,,{1254; 2222; 950},stop/static/stand,,{1404; 1234; 482},stop/static/seat,,,
{940; 2218; 778},walk,,{1094; 2350; 990},stop/move/stand,,{1260; 2216; 948},stop/static/stand,,{1408; 1210; 478},stop/static/seat,,,
{1106; 2250; 860},walk,,{1078; 2412; 990},stop/move/stand,,{1242; 2242; 958},stop/static/stand,,{1410; 1210; 478},stop/static/seat,,,
{952; 2164; 804},walk,,{1100; 2372; 996},stop/move/stand,,{1204; 2196; 910},stop/static/stand,,{1408; 1220; 480},stop/static/seat,,,
{1422; 2074; 886},walk,,{1014; 2542; 1112},stop/move/stand,,{1100; 2184; 862},stop/static/stand,,{1408; 1228; 482},stop/static/seat,,,
{1222; 2302; 848},walk,,{1058; 2382; 980},stop/move/stand,,{1010; 2404; 996},stop/static/stand,,{1412; 1208; 482},stop/static/seat,,,
{1062; 2390; 938},walk,,{1108; 2336; 962},stop/move/stand,,{1010; 2422; 1008},stop/static/stand,,{1410; 1246; 488},stop/static/seat,,,
{938; 2316; 854},walk,,{1088; 2318; 942},stop/move/stand,,{978; 2466; 1034},stop/static/stand,,{1416; 1216; 484},stop/static/seat,,,
{502; 2304; 778},walk,,{1124; 2314; 948},stop/move/stand,,{972; 2460; 1030},stop/static/stand,,{1416; 1208; 482},stop/static/seat,,,
{960; 2190; 818},walk,,{1020; 2212; 844},stop/move/stand,,{972; 2468; 1036},stop/static/stand,,{1408; 1264; 496},stop/static/seat,,,
{1010; 2276; 798},walk,,{1046; 2188; 836},stop/move/stand,,{982; 2484; 1050},stop/static/stand,,{1406; 1266; 502},stop/static/seat,,,
{1312; 2434; 1022},walk,,{1098; 2370; 1028},stop/move/stand,,{1020; 2462; 1048},stop/static/stand,,{1416; 1270; 502},stop/static/seat,,,
{898; 2382; 902},walk,,{1080; 2728; 1372},stop/move/stand,,{1032; 2438; 1032},stop/static/stand,,{1418; 1260; 500},stop/static/seat,,,
{930; 2416; 910},walk,,{1694; 2886; 2312},stop/move/stand,,{1030; 2414; 1012},stop/static/stand,,{1414; 1262; 502},stop/static/seat,,,
{822; 2332; 800},walk,,{1176; 2160; 884},stop/move/stand,,{1006; 2472; 1050},stop/static/stand,,{1414; 1268; 504},stop/static/seat,,,
{1006; 2308; 918},walk,,{258; 2466; 858},stop/move/stand,,{1010; 2464; 1048},stop/static/stand,,{1412; 1296; 508},stop/static/seat,,,
{1328; 2680; 1280},walk,,{1264; 2218; 954},stop/move/stand,,{990; 2446; 1020},stop/static/stand,,{1414; 1284; 510},stop/static/seat,,,
{1092; 2290; 816},walk,,{1270; 2048; 826},stop/move/stand,,{1012; 2412; 1000},stop/static/stand,,{1414; 1290; 510},stop/static/seat,,,
{1196; 2200; 866},walk,,{1170; 1998; 754},stop/move/stand,,{1006; 2388; 980},stop/static/stand,,{1414; 1298; 516},stop/static/seat,,,
{1190; 2216; 874},walk,,{1164; 2118; 838},stop/move/stand,,{1002; 2382; 978},stop/static/stand,,{1418; 1280; 510},stop/static/seat,,,
{1252; 2230; 928},walk,,{1210; 2152; 874},stop/move/stand,,{992; 2442; 1022},stop/static/stand,,{1420; 1306; 518},stop/static/seat,,,
{1474; 2488; 1088},walk,,{1248; 2164; 886},stop/move/stand,,{974; 2456; 1026},stop/static/stand,,{1424; 1282; 516},stop/static/seat,,,
{1276; 2442; 1114},walk,,{1238; 2186; 904},stop/move/stand,,{1004; 2398; 988},stop/static/stand,,{1424; 1292; 516},stop/static/seat,,,
{1044; 2332; 880},walk,,{1250; 2268; 974},stop/move/stand,,{1000; 2440; 1022},stop/static/stand,,{1420; 1284; 510},stop/static/seat,,,
{1254; 2272; 942},walk,,{1182; 2298; 960},stop/move/stand,,{1002; 2456; 1038},stop/static/stand,,{1418; 1278; 510},stop/static/seat,,,
{1124; 2262; 886},walk,,{1286; 2048; 854},stop/move/stand,,{986; 2468; 1040},stop/static/stand,,{1416; 1280; 510},stop/static/seat,,,
{1012; 2256; 838},walk,,{1330; 2026; 858},stop/move/stand,,{990; 2448; 1028},stop/static/stand,,{1446; 1282; 524},stop/static/seat,,,
{940; 2418; 918},walk,,{1270; 2092; 844},stop/move/stand,,{986; 2444; 1020},stop/static/stand,,{1456; 1274; 522},stop/static/seat,,,
{1342; 2350; 1078},walk,,{1322; 2130; 900},stop/move/stand,,{984; 2452; 1032},stop/static/stand,,{1398; 1338; 522},stop/static/seat,,,
{1020; 2442; 948},walk,,{1284; 2190; 922},stop/move/stand,,{974; 2416; 996},stop/static/stand,,{1448; 1214; 498},stop/static/seat,,,
{1136; 2352; 972},walk,,{1256; 1856; 716},stop/move/stand,,{1064; 2372; 992},stop/static/stand,,{1448; 1268; 518},stop/static/seat,,,
{1288; 2340; 954},walk,,{1358; 1936; 824},stop/move/stand,,{1154; 2272; 948},stop/static/stand,,{1400; 1354; 530},stop/static/seat,,,
{1370; 2424; 1106},walk,,{1378; 1586; 692},stop/move/stand,,{1186; 2220; 924},stop/static/stand,,{1534; 1288; 564},stop/static/seat,,,
{1030; 2384; 884},walk,,{1428; 1530; 662},stop/move/stand,,{1168; 2216; 912},stop/static/stand,,{1508; 1262; 542},stop/static/seat,,,
{960; 2396; 926},walk,,{1342; 1932; 842},stop/move/stand,,{1148; 2244; 924},stop/static/stand,,{1508; 1270; 544},stop/static/seat,,,
{1170; 2338; 966},walk,,{1344; 2180; 962},stop/move/stand,,{1174; 2236; 928},stop/static/stand,,{1502; 1272; 548},stop/static/seat,,,
{1092; 2314; 898},walk,,{1458; 1750; 774},stop/move/stand,,{1150; 2300; 970},stop/static/stand,,{1496; 1272; 544},stop/static/seat,,,
{1298; 2338; 988},walk,,{1422; 1686; 712},stop/move/stand,,{980; 2454; 1036},stop/static/stand,,{1500; 1282; 544},stop/static/seat,,,
{1278; 2512; 1082},walk,,{1442; 1644; 696},stop/move/stand,,{890; 2382; 940},stop/static/stand,,{1504; 1272; 544},stop/static/seat,,,
{1008; 2220; 810},walk,,{1376; 2022; 854},stop/move/stand,,{896; 2396; 954},stop/static/stand,,{1506; 1264; 544},stop/static/seat,,,
{840; 2080; 646},walk,,{1344; 2092; 886},stop/move/stand,,{904; 2354; 924},stop/static/stand,,{1506; 1260; 542},stop/static/seat,,,
{1062; 2150; 816},walk,,{1292; 2020; 820},stop/move/stand,,{898; 2378; 938},stop/static/stand,,{1508; 1264; 544},stop/static/seat,,,
{1094; 2328; 954},walk,,{1366; 2060; 876},stop/move/stand,,{922; 2374; 944},stop/static/stand,,{1508; 1266; 544},stop/static/seat,,,
{1270; 2478; 1010},walk,,{1338; 2118; 902},stop/move/stand,,{946; 2372; 948},stop/static/stand,,{1508; 1272; 544},stop/static/seat,,,
{1152; 2492; 1068},walk,,{1298; 2156; 912},stop/move/stand,,{954; 2376; 956},stop/static/stand,,{1508; 1276; 546},stop/static/seat,,,
{836; 2366; 852},walk,,{1300; 2122; 894},stop/move/stand,,{958; 2366; 948},stop/static/stand,,{1508; 1266; 546},stop/static/seat,,,
{1200; 2356; 986},walk,,{1306; 2098; 878},stop/move/stand,,{958; 2346; 936},stop/static/stand,,{1508; 1260; 548},stop/static/seat,,,
{942; 2306; 878},walk,,{1330; 2124; 900},stop/move/stand,,{876; 2354; 920},stop/static/stand,,{1506; 1284; 548},stop/static/seat,,,
{980; 2222; 872},walk,,{1364; 2072; 882},stop/move/stand,,{782; 2434; 950},stop/static/stand,,{1508; 1270; 548},stop/static/seat,,,
{836; 2472; 940},walk,,{1212; 2122; 854},stop/move/stand,,{796; 2428; 948},stop/static/stand,,{1508; 1262; 544},stop/static/seat,,,
{964; 2294; 906},walk,,{1274; 2078; 850},stop/move/stand,,{762; 2460; 962},stop/static/stand,,{1506; 1274; 548},stop/static/seat,,,
{1048; 2334; 902},walk,,{1330; 2090; 884},stop/move/stand,,{770; 2506; 1002},stop/static/stand,,{1508; 1278; 548},stop/static/seat,,,
{1018; 2334; 854},walk,,{1310; 2160; 920},stop/move/stand,,{692; 2648; 1114},stop/static/stand,,{1508; 1266; 546},stop/static/seat,,,
{1172; 2306; 926},walk,,{1312; 2014; 824},stop/move/stand,,{694; 2634; 1104},stop/static/stand,,{1510; 1260; 544},stop/static/seat,,,
{1240; 2358; 1034},walk,,{1332; 1840; 806},stop/move/stand,,{764; 2460; 962},stop/static/stand,,{1510; 1264; 544},stop/static/seat,,,
{1214; 2380; 1152},walk,,{1474; 1472; 656},stop/move/stand,,{754; 2442; 948},stop/static/stand,,{1504; 1288; 550},stop/static/seat,,,
{1018; 2176; 860},walk,,{1376; 1846; 782},stop/move/stand,,{772; 2430; 944},stop/static/stand,,{1504; 1280; 550},stop/static/seat,,,
{1148; 2226; 828},walk,,{1328; 2122; 902},stop/move/stand,,{792; 2406; 928},stop/static/stand,,{1504; 1272; 546},stop/static/seat,,,
{1062; 2400; 936},walk,,{1302; 2076; 852},stop/move/stand,,{1190; 2226; 934},stop/static/stand,,{1494; 1280; 542},stop/static/seat,,,
{920; 2274; 826},walk,,{940; 2518; 1068},stop/move/stand,,{1168; 2280; 958},stop/static/stand,,{1480; 1270; 532},stop/static/seat,,,
{612; 2360; 802},walk,,{1014; 2482; 1060},stop/move/stand,,{1076; 2502; 1106},stop/static/stand,,{1498; 1272; 542},stop/static/seat,,,
{900; 2378; 862},walk,,{536; 2422; 868},stop/move/stand,,{1020; 2512; 1090},stop/static/stand,,{1502; 1266; 542},stop/static/seat,,,
{1064; 2414; 984},walk,,{1134; 2232; 922},stop/move/stand,,{1044; 2490; 1080},stop/static/stand,,{1504; 1256; 540},stop/static/seat,,,
{772; 2388; 886},walk,,{1108; 2294; 946},stop/move/stand,,{1032; 2506; 1092},stop/static/stand,,{1502; 1250; 544},stop/static/seat,,,
{1084; 2404; 970},walk,,{1046; 2312; 926},stop/move/stand,,{1052; 2494; 1088},stop/static/stand,,{1504; 1258; 540},stop/static/seat,,,
{1130; 2326; 884},walk,,{1070; 2308; 924},stop/move/stand,,{1064; 2454; 1060},stop/static/stand,,{1502; 1264; 542},stop/static/seat,,,
{1166; 2546; 1124},walk,,{1030; 2306; 920},stop/move/stand,,{1062; 2482; 1088},stop/static/stand,,{1502; 1272; 544},stop/static/seat,,,
{906; 2414; 858},walk,,{1172; 2414; 1050},stop/move/stand,,{1024; 2510; 1098},stop/static/stand,,{1502; 1266; 542},stop/static/seat,,,
{876; 2420; 934},walk,,{1088; 2118; 844},stop/move/stand,,{1012; 2540; 1112},stop/static/stand,,{1504; 1258; 542},stop/static/seat,,,
{1130; 2392; 954},walk,,{972; 2440; 996},stop/move/stand,,{1004; 2544; 1114},stop/static/stand,,{1504; 1258; 542},stop/static/seat,,,
{978; 2348; 886},walk,,{1070; 2400; 1014},stop/move/stand,,{976; 2546; 1110},stop/static/stand,,{1502; 1262; 542},stop/static/seat,,,
{748; 2476; 876},walk,,{1118; 2408; 1030},stop/move/stand,,{966; 2464; 1032},stop/static/stand,,{1500; 1278; 544},stop/static/seat,,,
{800; 2364; 910},walk,,{1102; 2360; 986},stop/move/stand,,{1034; 2396; 1006},stop/static/stand,,{1500; 1274; 544},stop/static/seat,,,
{1074; 2426; 1028},walk,,{1132; 2322; 978},stop/move/stand,,{1010; 2410; 1006},stop/static/stand,,{1504; 1256; 542},stop/static/seat,,,
{948; 2390; 880},walk,,{1212; 2296; 982},stop/move/stand,,{1004; 2388; 986},stop/static/stand,,{1502; 1260; 540},stop/static/seat,,,
{1068; 2296; 900},walk,,{1120; 2328; 968},stop/move/stand,,{1008; 2328; 940},stop/static/stand,,{1504; 1258; 542},stop/static/seat,,,
{1140; 2272; 974},walk,,{1132; 2340; 984},stop/move/stand,,{978; 2386; 974},stop/static/stand,,{1502; 1264; 542},stop/static/seat,,,
{1236; 2606; 1290},walk,,{1150; 2336; 990},stop/move/stand,,{988; 2394; 984},stop/static/stand,,{1502; 1266; 540},stop/static/seat,,,
{994; 2288; 998},walk,,{1146; 2140; 852},stop/move/stand,,{988; 2400; 990},stop/static/stand,,{1534; 1192; 536},stop/static/seat,,,
{918; 2514; 1092},walk,,{1130; 2072; 802},stop/move/stand,,{978; 2360; 950},stop/static/stand,,{1558; 1234; 556},stop/static/seat,,,
{540; 2632; 1008},walk,,{936; 2040; 708},stop/move/stand,,{1000; 2312; 922},stop/static/stand,,{1550; 1228; 552},stop/static/seat,,,
{1030; 2490; 944},walk,,{672; 2154; 716},stop/move/stand,,{962; 2312; 914},stop/static/stand,,{1554; 1214; 552},stop/static/seat,,,
{944; 2360; 816},walk,,{756; 2242; 786},stop/move/stand,,{988; 2362; 962},stop/static/stand,,{1556; 1212; 548},stop/static/seat,,,
{1192; 2572; 1090},walk,,{1050; 2140; 810},stop/move/stand,,{980; 2392; 978},stop/static/stand,,{1558; 1228; 556},stop/static/seat,,,
{1220; 2342; 1016},walk,,{1102; 2156; 832},stop/move/stand,,{946; 2394; 966},stop/static/stand,,{1560; 1232; 556},stop/static/seat,,,
{806; 2296; 864},walk,,{980; 2440; 1006},stop/move/stand,,{958; 2434; 1004},stop/static/stand,,{1564; 1224; 560},stop/static/seat,,,
{1120; 2216; 838},walk,,{1026; 2414; 1004},stop/move/stand,,{1000; 2388; 982},stop/static/stand,,{1566; 1228; 560},stop/static/seat,,,
{922; 2308; 864},walk,,{1144; 2374; 1006},stop/move/stand,,{1006; 2372; 968},stop/static/stand,,{1582; 1200; 560},stop/static/seat,,,
{1260; 2354; 996},walk,,{1116; 2322; 956},stop/move/stand,,{1032; 2340; 956},stop/static/stand,,{1578; 1206; 558},stop/static/seat,,,
{1014; 2458; 922},walk,,{1024; 2276; 896},stop/move/stand,,{986; 2348; 946},stop/static/stand,,{1570; 1222; 558},stop/static/seat,,,
{880; 2436; 914},walk,,{1136; 2258; 920},stop/move/stand,,{844; 2378; 922},stop/static/stand,,{1584; 1216; 560},stop/static/seat,,,
{780; 2270; 728},walk,,{1044; 2266; 894},stop/move/stand,,{922; 2484; 1028},stop/static/stand,,{1584; 1206; 568},stop/static/seat,,,
{990; 2280; 922},walk,,{1144; 2130; 836},stop/move/stand,,{1000; 2398; 996},stop/static/stand,,{1586; 1208; 562},stop/static/seat,,,
{972; 2170; 844},walk,,{960; 2624; 1466},stop/move/stand,,{1030; 2346; 960},stop/static/stand,,{1588; 1208; 564},stop/static/seat,,,
{1220; 2388; 932},walk,,{1378; 1570; 768},stop/move/stand,,{1024; 2338; 958},stop/static/stand,,{1588; 1214; 564},stop/static/seat,,,
{1052; 2462; 1014},walk,,{966; 2756; 1454},stop/move/stand,,{1026; 2324; 942},stop/static/stand,,{1590; 1214; 564},stop/static/seat,,,
{688; 2252; 750},walk,,{1824; 2060; 1256},stop/move/stand,,{1046; 2298; 930},stop/static/stand,,{1590; 1212; 564},stop/static/seat,,,
{1042; 2308; 896},walk,,{490; 2138; 712},stop/move/stand,,{1002; 2334; 940},stop/static/stand,,{1590; 1208; 564},stop/static/seat,,,
{806; 2274; 784},walk,,{1326; 2190; 984},stop/move/stand,,{896; 2376; 936},stop/static/stand,,{1588; 1206; 564},stop/static/seat,,,
{1232; 2160; 842},walk,,{1254; 2246; 970},stop/move/stand,,{796; 2368; 904},stop/static/stand,,{1586; 1204; 562},stop/static/seat,,,
{1186; 2382; 990},walk,,{1274; 2320; 1026},stop/move/stand,,{788; 2218; 790},stop/static/stand,,{1584; 1202; 562},stop/static/seat,,,
{1042; 2304; 898},walk,,{1270; 2294; 1006},stop/move/stand,,{852; 2214; 806},stop/static/stand,,{1634; 1276; 612},stop/static/seat,,,
{904; 2240; 824},walk,,{652; 2566; 1004},stop/move/stand,,{844; 2430; 962},stop/static/stand,,{1650; 1290; 624},stop/static/seat,,,
{952; 2326; 890},walk,,{1054; 2486; 1116},stop/move/stand,,{876; 2380; 940},stop/static/stand,,{1630; 1250; 600},stop/static/seat,,,
{1006; 2238; 882},walk,,{1276; 2402; 1116},stop/move/stand,,{862; 2372; 924},stop/static/stand,,{1634; 1254; 602},stop/static/seat,,,
{1136; 2292; 874},walk,,{1296; 2304; 1052},stop/move/stand,,{856; 2364; 914},stop/static/stand,,{1632; 1246; 602},stop/static/seat,,,
{1084; 2414; 1002},walk,,{1298; 2342; 1072},stop/move/stand,,{896; 2346; 922},stop/static/stand,,{1632; 1238; 598},stop/static/seat,,,
{820; 2262; 774},walk,,{1236; 2496; 1158},stop/move/stand,,{906; 2364; 932},stop/static/stand,,{1632; 1258; 606},stop/static/seat,,,
{1108; 2254; 838},walk,,{1148; 2494; 1128},stop/move/stand,,{1022; 2194; 844},stop/static/stand,,{1628; 1264; 602},stop/static/seat,,,
{1084; 2276; 864},walk,,{1232; 2476; 1126},stop/move/stand,,{1060; 2178; 848},stop/static/stand,,{1580; 1136; 530},stop/static/seat,,,
{826; 2264; 776},walk,,{1290; 2216; 968},stop/move/stand,,{1052; 2168; 838},stop/static/stand,,{1546; 1054; 488},stop/static/seat,,,
{666; 2356; 816},walk,,{1186; 2480; 1112},stop/move/stand,,{1038; 2242; 878},stop/static/stand,,{1630; 1062; 544},stop/static/seat,,,
{916; 2342; 856},walk,,{1286; 2376; 1092},stop/move/stand,,{1088; 2252; 914},stop/static/stand,,{1590; 1124; 532},stop/static/seat,,,
{950; 2364; 886},walk,,{1300; 2390; 1074},stop/move/stand,,{1084; 2360; 990},stop/static/stand,,{1590; 1124; 536},stop/static/seat,,,
{950; 2332; 870},walk,,{1238; 2438; 1096},stop/move/stand,,{1002; 2418; 1004},stop/static/stand,,{1592; 1116; 532},stop/static/seat,,,
{984; 2310; 822},walk,,{1246; 2432; 1108},stop/move/stand,,{982; 2332; 932},stop/static/stand,,{1588; 1134; 536},stop/static/seat,,,
{1156; 2234; 850},walk,,{1288; 2376; 1088},stop/move/stand,,{936; 2338; 920},stop/static/stand,,{1592; 1124; 536},stop/static/seat,,,
{1246; 2400; 1032},walk,,{1274; 2278; 1006},stop/move/stand,,{910; 2318; 898},stop/static/stand,,{1590; 1128; 536},stop/static/seat,,,
{1244; 2540; 1036},walk,,{1192; 2368; 1032},stop/move/stand,,{932; 2284; 884},stop/static/stand,,{1588; 1142; 538},stop/static/seat,,,
{1172; 2444; 1018},walk,,{1302; 2352; 1032},stop/move/stand,,{986; 2248; 874},stop/static/stand,,{1592; 1126; 536},stop/static/seat,,,
{1194; 2522; 1116},walk,,{1256; 2380; 1078},stop/move/stand,,{980; 2288; 900},stop/static/stand,,{1584; 1146; 542},stop/static/seat,,,
{1094; 2416; 1032},walk,,{1262; 2398; 1084},stop/move/stand,,{1146; 2350; 1006},stop/static/stand,,{1590; 1128; 538},stop/static/seat,,,
{784; 2302; 862},walk,,{1284; 2406; 1102},stop/move/stand,,{1114; 2312; 964},stop/static/stand,,{1588; 1144; 540},stop/static/seat,,,
{1146; 2364; 976},walk,,{1246; 2356; 1030},stop/move/stand,,{1102; 2284; 942},stop/static/stand,,{1592; 1138; 540},stop/static/seat,,,
{978; 2312; 876},walk,,{1314; 2314; 1044},stop/move/stand,,{1090; 2290; 940},stop/static/stand,,,,,,
{792; 2318; 784},walk,,{1280; 2398; 1090},stop/move/stand,,{1118; 2244; 916},stop/static/stand,,,,,,
{654; 2400; 846},walk,,{1194; 2358; 1020},stop/move/stand,,{1096; 2272; 928},stop/static/stand,,,,,,
{890; 2372; 874},walk,,{1180; 2326; 996},stop/move/stand,,{1050; 2290; 924},stop/static/stand,,,,,,
{1006; 2330; 938},walk,,{1140; 2292; 958},stop/move/stand,,{1084; 2260; 914},stop/static/stand,,,,,,
{924; 2356; 870},walk,,{1132; 2338; 988},stop/move/stand,,{1076; 2280; 924},stop/static/stand,,,,,,
{970; 2356; 944},walk,,{1150; 2378; 1016},stop/move/stand,,{1086; 2250; 910},stop/static/stand,,,,,,
{1022; 2394; 1022},walk,,{1198; 2358; 1030},stop/move/stand,,{1096; 2186; 866},stop/static/stand,,,,,,
{1054; 2444; 1096},walk,,{1172; 2332; 992},stop/move/stand,,{1060; 2256; 902},stop/static/stand,,,,,,
{902; 2324; 898},walk,,{1148; 2348; 1004},stop/move/stand,,{1030; 2268; 902},stop/static/stand,,,,,,
{898; 2304; 798},walk,,{1192; 2232; 936},stop/move/stand,,{1002; 2288; 906},stop/static/stand,,,,,,
{1154; 2390; 920},walk,,{1310; 2222; 964},stop/move/stand,,{1024; 2292; 918},stop/static/stand,,,,,,
{876; 2326; 862},walk,,{1146; 2352; 980},stop/move/stand,,{1070; 2246; 898},stop/static/stand,,,,,,
{674; 2370; 802},walk,,{1046; 2374; 968},stop/move/stand,,{1048; 2260; 902},stop/static/stand,,,,,,
{636; 2434; 852},walk,,{796; 2470; 994},stop/move/stand,,{1070; 2258; 908},stop/static/stand,,,,,,
{1020; 2340; 902},walk,,{1080; 2422; 1044},stop/move/stand,,{1062; 2244; 894},stop/static/stand,,,,,,
{696; 2416; 914},walk,,{1072; 2442; 1050},stop/move/stand,,{1072; 2218; 876},stop/static/stand,,,,,,
{1012; 2312; 828},walk,,{1032; 2406; 1000},stop/move/stand,,{1090; 2170; 850},stop/static/stand,,,,,,
{1012; 2316; 892},walk,,{974; 2616; 1158},stop/move/stand,,{1042; 2202; 858},stop/static/stand,,,,,,
{1184; 2450; 1070},walk,,{1064; 2596; 1160},stop/move/stand,,{1002; 2304; 920},stop/static/stand,,,,,,
{1202; 2548; 1118},walk,,{1014; 2540; 1110},stop/move/stand,,{1024; 2320; 938},stop/static/stand,,,,,,
{1168; 2494; 988},walk,,{988; 2494; 1056},stop/move/stand,,{1066; 2306; 942},stop/static/stand,,,,,,
{592; 2606; 988},walk,,{984; 2538; 1084},stop/move/stand,,{1174; 2290; 976},stop/static/stand,,,,,,
{1068; 2458; 1102},walk,,{990; 2508; 1068},stop/move/stand,,{1070; 2332; 960},stop/static/stand,,,,,,
{516; 2592; 1066},walk,,{988; 2450; 1014},stop/move/stand,,{1026; 2410; 1014},stop/static/stand,,,,,,
{760; 2350; 918},walk,,{1014; 2434; 1022},stop/move/stand,,{914; 2438; 1002},stop/static/stand,,,,,,
{764; 2428; 940},walk,,{1048; 2482; 1062},stop/move/stand,,{986; 2398; 1002},stop/static/stand,,,,,,
{944; 2470; 1076},walk,,{610; 2614; 1094},stop/move/stand,,{1034; 2376; 988},stop/static/stand,,,,,,
{992; 2188; 884},walk,,{1018; 2512; 1116},stop/move/stand,,{1032; 2328; 950},stop/static/stand,,,,,,
{1084; 2340; 862},walk,,{1442; 2320; 1104},stop/move/stand,,{976; 2438; 1012},stop/static/stand,,,,,,
{850; 2394; 936},walk,,{1218; 2294; 998},stop/move/stand,,{1008; 2376; 974},stop/static/stand,,,,,,
{1130; 2310; 868},walk,,{1280; 2242; 1036},stop/move/stand,,{1020; 2336; 948},stop/static/stand,,,,,,
{1102; 2584; 1122},walk,,{1190; 2440; 1124},stop/move/stand,,{1036; 2324; 948},stop/static/stand,,,,,,
{1088; 2498; 1060},walk,,{1214; 2212; 938},stop/move/stand,,{1040; 2318; 942},stop/static/stand,,,,,,
{666; 2498; 940},walk,,{1194; 1914; 752},stop/move/stand,,{992; 2334; 938},stop/static/stand,,,,,,
{792; 2476; 882},walk,,{1140; 2276; 954},stop/move/stand,,{1130; 2286; 958},stop/static/stand,,,,,,
{934; 2416; 880},walk,,{1244; 1928; 774},stop/move/stand,,{1304; 2212; 968},stop/static/stand,,,,,,
{1074; 2462; 1012},walk,,{1202; 2410; 1108},stop/move/stand,,{1272; 2168; 920},stop/static/stand,,,,,,
{1176; 2616; 1176},walk,,{1178; 2208; 908},stop/move/stand,,{1256; 2146; 904},stop/static/stand,,,,,,
{1066; 2398; 1024},walk,,{1174; 2164; 866},stop/move/stand,,{1210; 2154; 888},stop/static/stand,,,,,,
{986; 2410; 1034},walk,,{1218; 2196; 912},stop/move/stand,,{1080; 2130; 820},stop/static/stand,,,,,,
{478; 2586; 1008},walk,,{1212; 2162; 884},stop/move/stand,,{1082; 2132; 820},stop/static/stand,,,,,,
{1054; 2286; 816},walk,,{1134; 2264; 926},stop/move/stand,,{1086; 2132; 822},stop/static/stand,,,,,,
{1306; 2200; 876},walk,,{1188; 2154; 892},stop/move/stand,,{1090; 2102; 800},stop/static/stand,,,,,,
{1126; 2268; 906},walk,,{1172; 2142; 890},stop/move/stand,,{1064; 2110; 800},stop/static/stand,,,,,,
{1112; 2320; 946},walk,,{1194; 2258; 952},stop/move/stand,,{1058; 2124; 806},stop/static/stand,,,,,,
{1114; 2308; 964},walk,,{1200; 2228; 906},stop/move/stand,,{1092; 2096; 800},stop/static/stand,,,,,,
{1168; 2336; 1052},walk,,{1174; 2274; 954},stop/move/stand,,,,,,,,,
{1134; 2370; 932},walk,,{1178; 2254; 942},stop/move/stand,,,,,,,,,
{1270; 2378; 948},walk,,{1200; 2198; 890},stop/move/stand,,,,,,,,,
{1106; 2204; 798},walk,,{1178; 2258; 918},stop/move/stand,,,,,,,,,
{886; 2202; 742},walk,,{1120; 2356; 994},stop/move/stand,,,,,,,,,
{1090; 2236; 856},walk,,{1044; 2398; 1020},stop/move/stand,,,,,,,,,
{856; 2290; 818},walk,,{1182; 2268; 946},stop/move/stand,,,,,,,,,
{994; 2424; 1002},walk,,{1172; 2356; 1008},stop/move/stand,,,,,,,,,
{1058; 2570; 1096},walk,,{1132; 2342; 992},stop/move/stand,,,,,,,,,
{1040; 2578; 1084},walk,,{1298; 2060; 892},stop/move/stand,,,,,,,,,
{928; 2584; 1018},walk,,{1278; 2288; 1034},stop/move/stand,,,,,,,,,
{774; 2540; 972},walk,,{1224; 2190; 914},stop/move/stand,,,,,,,,,
{976; 2426; 1038},walk,,{1278; 2100; 870},stop/move/stand,,,,,,,,,
{1020; 2476; 976},walk,,{1240; 2316; 1014},stop/move/stand,,,,,,,,,
{1218; 2656; 1118},walk,,{1144; 2322; 974},stop/move/stand,,,,,,,,,
{1020; 2472; 1030},walk,,{1102; 2276; 928},stop/move/stand,,,,,,,,,
{878; 2436; 894},walk,,{1142; 2234; 908},stop/move/stand,,,,,,,,,
{1096; 2322; 956},walk,,{1112; 2370; 1008},stop/move/stand,,,,,,,,,
{860; 2340; 872},walk,,{1154; 2338; 998},stop/move/stand,,,,,,,,,
{1150; 2372; 920},walk,,{1114; 2312; 960},stop/move/stand,,,,,,,,,
{1170; 2632; 1198},walk,,{748; 2532; 1044},stop/move/stand,,,,,,,,,
{1176; 2542; 1038},walk,,{572; 2482; 940},stop/move/stand,,,,,,,,,
{1070; 2392; 996},walk,,{892; 2486; 1010},stop/move/stand,,,,,,,,,
{702; 2520; 1002},walk,,{994; 2346; 950},stop/move/stand,,,,,,,,,
{966; 2558; 1012},walk,,{912; 2448; 1006},stop/move/stand,,,,,,,,,
{1138; 2398; 1036},walk,,{980; 2492; 1056},stop/move/stand,,,,,,,,,
{1260; 2702; 1184},walk,,{1032; 2466; 1044},stop/move/stand,,,,,,,,,
{862; 2398; 864},walk,,{1026; 2370; 984},stop/move/stand,,,,,,,,,
{736; 2090; 670},walk,,{1082; 2324; 966},stop/move/stand,,,,,,,,,
{948; 2356; 890},walk,,{1088; 2342; 974},stop/move/stand,,,,,,,,,
{860; 2480; 938},walk,,{1034; 2574; 1182},stop/move/stand,,,,,,,,,
{1234; 2476; 1056},walk,,{808; 3188; 1832},stop/move/stand,,,,,,,,,
{1140; 2566; 1136},walk,,{866; 2568; 1070},stop/move/stand,,,,,,,,,
{948; 2548; 1066},walk,,{1092; 2404; 1024},stop/move/stand,,,,,,,,,
{724; 2414; 898},walk,,{1074; 2444; 1062},stop/move/stand,,,,,,,,,
{442; 2698; 1050},walk,,{1038; 2536; 1106},stop/move/stand,,,,,,,,,
{486; 2608; 988},walk,,{1058; 2318; 954},stop/move/stand,,,,,,,,,
{1058; 2522; 1064},walk,,{1088; 2312; 948},stop/move/stand,,,,,,,,,
{1136; 2552; 1184},walk,,{1030; 2602; 1152},stop/move/stand,,,,,,,,,
{740; 2474; 1004},walk,,{-114; 2810; 1196},stop/move/stand,,,,,,,,,
{1026; 2384; 924},walk,,{748; 2708; 1220},stop/move/stand,,,,,,,,,
{1002; 2422; 954},walk,,{866; 2636; 1166},stop/move/stand,,,,,,,,,
{768; 2284; 780},walk,,{946; 2500; 1040},stop/move/stand,,,,,,,,,
{538; 2488; 882},walk,,{960; 2592; 1132},stop/move/stand,,,,,,,,,
{698; 2580; 924},walk,,{962; 2532; 1088},stop/move/stand,,,,,,,,,
{1010; 2510; 1006},walk,,{946; 2608; 1132},stop/move/stand,,,,,,,,,
{824; 2546; 990},walk,,{962; 2540; 1090},stop/move/stand,,,,,,,,,
{968; 2486; 1064},walk,,{964; 2498; 1062},stop/move/stand,,,,,,,,,
{932; 2454; 1098},walk,,{926; 2512; 1050},stop/move/stand,,,,,,,,,
{1094; 2620; 1198},walk,,{982; 2482; 1046},stop/move/stand,,,,,,,,,
{948; 2464; 948},walk,,{940; 2544; 1084},stop/move/stand,,,,,,,,,
{636; 2376; 826},walk,,{1000; 2402; 986},stop/move/stand,,,,,,,,,
{1006; 2464; 1006},walk,,{1172; 2260; 946},stop/move/stand,,,,,,,,,
{920; 2222; 866},walk,,{1086; 2334; 968},stop/move/stand,,,,,,,,,
{1184; 2352; 938},walk,,{-60; 2172; 650},stop/move/stand,,,,,,,,,
{974; 2620; 1098},walk,,{850; 2354; 934},stop/move/stand,,,,,,,,,
{930; 2618; 1098},walk,,{1012; 2308; 920},stop/move/stand,,,,,,,,,
{902; 2644; 1132},walk,,{1000; 2360; 952},stop/move/stand,,,,,,,,,
{1014; 2442; 968},walk,,{962; 2344; 922},stop/move/stand,,,,,,,,,
{1022; 2532; 1048},walk,,{1086; 2304; 950},stop/move/stand,,,,,,,,,
{1220; 2566; 1102},walk,,{1130; 2356; 994},stop/move/stand,,,,,,,,,
{1244; 2616; 1182},walk,,{1088; 2200; 874},stop/move/stand,,,,,,,,,
{1176; 2576; 1106},walk,,,,,,,,,,,,
{982; 2578; 1084},walk,,,,,,,,,,,,
{1056; 2452; 1048},walk,,,,,,,,,,,,
{848; 2570; 1158},walk,,,,,,,,,,,,
{964; 2524; 1094},walk,,,,,,,,,,,,
{634; 2470; 880},walk,,,,,,,,,,,,
{502; 2576; 932},walk,,,,,,,,,,,,
{534; 2578; 874},walk,,,,,,,,,,,,
{744; 2650; 932},walk,,,,,,,,,,,,
{796; 2590; 1064},walk,,,,,,,,,,,,
{848; 2592; 1030},walk,,,,,,,,,,,,
{942; 2378; 904},walk,,,,,,,,,,,,
{858; 2536; 968},walk,,,,,,,,,,,,
{634; 2158; 716},walk,,,,,,,,,,,,
