AcX:,diffAcX,AcY:,diffAcY:,AcZ:,diffAcZ:,AgX:,diffAgX:,AgY:,diffAgY:,AgZ:,diffAgZ:,activity,,,
-5389,5389,-265,265,15470,15470,-1859,1859,-171,30769,103,103,stop,Acx,Acy,aGy
-5407,18,-256,9,15558,88,-1858,1,-381,210,74,29,stop,#NOME?,48.9,94.11317254
-5388,19,-70,186,15578,20,-1856,2,389,770,125,51,stop,,,
-5501,113,-339,269,15686,108,-1855,1,-459,848,102,23,stop,,,
-5158,343,-370,31,15028,658,-1855,0,-1673,1214,212,110,stop,,,
-5556,398,-1031,661,15574,546,-1855,0,-982,691,-14,226,stop,,,
-5174,382,-1214,3,15140,434,-1857,2,-426,556,23,37,stop,,,
-5402,228,-1158,56,15480,340,-1858,1,-151,275,115,92,stop,,,
-5393,9,-1155,3,15412,68,-1856,2,-87,64,94,21,stop,,,
-5372,21,-1057,98,15444,32,-1854,2,-120,33,85,9,stop,,,
-5398,26,-986,71,15461,17,-1856,2,-173,53,66,19,stop,,,
-5392,6,-1009,23,15438,23,-1856,0,-237,64,79,13,stop,,,
-5288,104,-951,58,15411,27,-1855,1,-88,149,72,7,stop,,,
-5939,651,-1386,435,15356,55,-1852,3,415,503,447,375,stop,,,
-5292,647,-955,431,15581,225,-1850,2,1446,1031,682,235,stop,,,
-5416,124,-185,770,15412,169,-1850,0,617,829,405,277,stop,,,
-5419,3,188,373,15235,177,-1849,1,-297,914,-124,529,stop,,,
-5738,319,1064,876,15120,115,-1850,1,726,1023,110,234,stop,,,
-6398,660,2433,1369,14848,272,-1850,0,2501,1775,-265,375,stop,,,
-5034,1364,3561,1128,15401,553,-1851,1,773,1728,100,365,stop,,,
-5673,639,3143,418,15191,210,-1851,0,-239,1012,33,67,stop,,,
-5562,111,2789,354,15175,16,-1850,1,-293,54,121,88,stop,,,
-5592,30,2999,210,15143,32,-1846,4,-275,18,131,10,stop,,,
-5556,36,2942,57,15178,35,-1851,5,-453,178,128,3,stop,,,
-5653,97,2850,92,15180,2,-1847,4,-341,112,9,119,stop,,,
-5592,77,2503,110,15408,178,-1843,6,-1164,482,288,221,stop,,,
-5494,98,1642,861,15288,120,-1845,2,-1553,389,1156,868,stop,,,
-6613,1119,1526,116,14733,555,-1844,1,-55,1498,2678,1522,stop,,,
-8016,1403,1200,326,14381,352,-1843,1,115,170,1628,1050,stop,,,
-7430,586,890,310,14517,136,-1842,1,-1383,1498,-75,1703,stop,,,
-6238,6238,726,726,15135,15135,-1831,1831,-241,241,82,82,stop,,,
-6196,42,757,31,15146,11,-1830,1,-207,34,70,12,stop,,,
-6204,8,797,40,15107,39,-1831,1,-240,33,56,14,stop,,,
-6182,22,787,10,15149,42,-1831,0,-214,26,58,2,stop,,,
-6184,2,829,42,15099,50,-1832,1,-255,41,103,45,stop,,,
-6194,10,808,21,15134,35,-1827,5,-287,32,112,9,stop,,,
-6208,14,784,24,15159,25,-1826,1,-261,26,96,16,stop,,,
-6198,10,784,0,15138,21,-1828,2,-298,37,97,1,stop,,,
-6227,29,747,37,15133,5,-1824,4,-274,24,96,1,stop,,,
-6153,74,729,18,14965,168,-1810,14,-252,22,94,2,stop,,,
-6238,85,754,25,15138,173,-1824,14,-231,21,85,9,stop,,,
-6213,25,784,30,15132,6,-1825,1,-225,6,53,32,stop,,,
-6215,2,793,9,15135,3,-1826,1,-208,17,57,4,stop,,,
-6196,19,806,13,15144,9,-1828,2,-227,19,70,13,stop,,,
-6190,6,801,5,15120,24,-1830,2,-281,54,146,76,stop,,,
-6246,56,763,38,15125,5,-1824,6,-288,7,141,5,stop,,,
-6256,10,779,16,15134,9,-1828,4,-269,19,86,55,stop,,,
-6239,17,742,37,15110,24,-1828,0,-286,17,57,29,stop,,,
-6229,10,737,5,15131,21,-1821,7,-245,41,85,28,stop,,,
-6239,10,744,7,15114,17,-1824,3,-244,1,102,17,stop,,,
-6239,0,742,2,15097,17,-1825,1,-246,2,91,11,stop,,,
-6258,19,751,9,15137,40,-1824,1,-275,29,91,0,stop,,,
-6241,17,688,63,15116,21,-1820,4,-265,10,75,16,stop,,,
-6250,9,734,46,15123,7,-1821,1,-211,54,73,2,stop,,,
-6230,20,751,17,15115,8,-1818,3,-174,37,51,22,stop,,,
-6213,17,790,39,15114,1,-1820,2,-157,17,51,0,stop,,,
-6204,9,822,32,15151,37,-1817,3,-231,74,51,0,stop,,,
-6196,8,803,19,15106,45,-1814,3,-305,74,63,12,stop,,,
-6160,36,767,36,15125,19,-1816,2,-301,4,119,56,stop,,,
-6226,66,730,37,15128,3,-1817,1,-258,43,123,4,stop,,,
-6228,2,766,36,15142,14,-1813,4,-277,19,98,25,stop,,,
-6228,0,735,31,15144,2,-1820,7,-275,2,61,37,stop,,,
-6188,40,739,4,15124,20,-1818,2,-283,8,94,33,stop,,,
-6155,33,696,43,14991,133,-1796,22,-262,21,91,3,stop,,,
-6222,67,728,32,15128,137,-1816,20,-232,30,43,48,stop,,,
-6204,18,747,19,15100,28,-1816,0,-196,36,-26,69,stop,,,
-6096,108,765,18,15182,82,-1814,2,-159,37,37,63,stop,,,
-6102,6,834,69,15145,37,-1810,4,-243,84,104,67,stop,,,
-6167,65,806,28,15136,9,-1812,2,-256,13,205,101,stop,,,
-6201,34,783,23,15117,19,-1814,2,-304,48,143,62,stop,,,
-6220,19,795,12,15129,12,-1809,5,-255,49,220,77,stop,,,
-6342,122,798,3,15134,5,-1812,3,-273,18,163,57,stop,,,
-6320,22,769,29,15092,42,-1813,1,-302,29,5,158,stop,,,
-6156,164,730,39,14997,95,-1790,23,-302,0,5,0,stop,,,
-6231,75,717,13,15101,104,-1812,22,-199,103,77,72,stop,,,
-6219,12,775,58,15098,3,-1810,2,-191,8,51,26,stop,,,
-6207,12,786,11,15105,7,-1809,1,-172,19,33,18,stop,,,
-6171,36,817,31,15130,25,-1806,3,-289,117,121,88,stop,,,
-6236,65,791,26,15122,8,-1804,2,-287,2,158,37,stop,,,
-6244,8,769,22,15129,7,-1809,5,-249,38,98,60,stop,,,
-6252,8,799,30,15102,27,-1811,2,-237,12,85,13,stop,,,
-6230,22,806,7,15118,16,-1808,3,-273,36,55,30,stop,,,
-6208,22,777,29,15099,19,-1808,0,-258,15,56,1,stop,,,
-6222,14,786,9,15144,45,-1804,4,-279,21,105,49,stop,,,
-6237,15,751,35,15147,3,-1804,0,-226,53,86,19,stop,,,
-6239,2,795,44,15109,38,-1805,1,-193,33,54,32,stop,,,
-6184,55,829,34,15122,13,-1806,1,-178,15,50,4,stop,,,
-6192,8,840,11,15126,4,-1804,2,-200,22,101,51,stop,,,
-6217,25,869,29,15112,14,-1804,0,-259,59,126,25,stop,,,
-6233,16,831,38,15134,22,-1805,1,-311,52,99,27,stop,,,
-6218,15,812,19,15127,7,-1805,0,-268,43,105,6,stop,,,
-6234,16,794,18,15114,13,-1805,0,-242,26,96,9,stop,,,
-6254,20,815,21,15124,10,-1801,4,-282,40,112,16,stop,,,
-6257,3,779,36,15093,31,-1803,2,-280,2,93,19,stop,,,
-6257,0,766,13,15117,24,-1804,1,-215,65,92,1,stop,,,
-6254,3,838,72,15106,11,-1800,4,-223,8,73,19,stop,,,
-6241,13,821,17,15112,6,-1797,3,-243,20,81,8,stop,,,
-6279,38,808,13,15119,7,-1798,1,-206,37,65,16,stop,,,
-6218,61,858,50,15068,51,-1801,3,-289,83,70,5,stop,,,
-6235,17,797,61,15107,39,-1799,2,-321,32,105,35,stop,,,
-6241,6,779,18,15138,31,-1797,2,-260,61,111,6,stop,,,
-6273,32,785,6,15110,28,-1793,4,-253,7,121,10,stop,,,
-6275,2,783,2,15094,16,-1801,8,-248,5,114,7,stop,,,
-6289,14,782,1,15111,17,-1799,2,-220,28,70,44,stop,,,
-6278,11,820,38,15095,16,-1795,4,-187,33,66,4,stop,,,
-6291,13,854,34,15105,10,-1796,1,-211,24,68,2,stop,,,
-6253,38,859,5,15072,33,-1796,0,-275,64,81,13,stop,,,
-6264,11,794,65,15080,8,-1797,1,-323,48,111,30,stop,,,
-6275,11,800,6,15102,22,-1797,0,-221,102,114,3,stop,,,
-6302,27,819,19,15083,19,-1796,1,-264,43,103,11,stop,,,
-6271,31,794,25,15100,17,-1794,2,-282,18,81,22,stop,,,
-6289,18,751,43,15078,22,-1793,1,-270,12,98,17,stop,,,
-6299,10,770,19,15092,14,-1792,1,-218,52,104,6,stop,,,
-6326,27,798,28,15092,0,-1792,0,-219,1,72,32,stop,,,
-6283,43,837,39,15086,6,-1796,4,-195,24,33,39,stop,,,
-6276,7,834,3,15090,4,-1792,4,-229,34,41,8,stop,,,
-6244,32,839,5,15075,15,-1795,3,-229,0,91,50,stop,,,
-6259,15,833,6,15078,3,-1794,1,-269,40,103,12,stop,,,
-6283,24,848,15,15116,38,-1797,3,-277,8,113,10,stop,,,
-6312,29,815,33,15095,21,-1795,2,-296,19,83,30,stop,,,
-6279,33,798,17,15100,5,-1793,2,-273,23,93,10,stop,,,
-6297,18,793,5,15076,24,-1794,1,-253,20,107,14,stop,,,
-6311,14,795,2,15070,6,-1795,1,-216,37,98,9,stop,,,
-6313,2,823,28,15099,29,-1792,3,-239,23,67,31,stop,,,
-6295,18,833,10,15080,19,-1790,2,-203,36,45,22,stop,,,
-6282,13,858,25,15081,1,-1791,1,-193,10,71,26,stop,,,
-6275,7,883,25,15075,6,-1790,1,-230,37,101,30,stop,,,
-6286,11,871,12,15092,17,-1794,4,-284,54,104,3,stop,,,
-6295,9,846,25,15097,5,-1792,2,-311,27,88,16,stop,,,
-6286,9,814,32,15104,7,-1792,0,-283,28,86,2,stop,,,
-6291,5,819,5,15079,25,-1789,3,-250,33,104,18,stop,,,
-6313,22,797,22,15071,8,-1790,1,-259,9,121,17,stop,,,
-6324,11,800,3,15081,10,-1786,4,-256,3,91,30,stop,,,
-6326,2,786,14,15081,0,-1792,6,-204,52,49,42,stop,,,
-6305,21,859,73,15075,6,-1792,0,-179,25,35,14,stop,,,
-6266,39,863,4,15080,5,-1792,0,-214,35,51,16,stop,,,
-6257,9,878,15,15073,7,-1789,3,-265,51,103,52,stop,,,
-6282,25,861,17,15074,1,-1789,0,-302,37,110,7,stop,,,
-6301,19,830,31,15095,21,-1787,2,-305,3,98,12,stop,,,
-6285,16,811,19,15080,15,-1789,2,-274,31,87,11,stop,,,
-6296,11,794,17,15088,8,-1782,7,-254,20,102,15,stop,,,
-6304,8,809,15,15096,8,-1791,9,-221,33,85,17,stop,,,
-6298,6,848,39,15086,10,-1788,3,-219,2,62,23,stop,,,
-6291,7,856,8,15099,13,-1790,2,-206,13,43,19,stop,,,
-6262,29,865,9,15083,16,-1785,5,-231,25,72,29,stop,,,
-6269,7,864,1,15106,23,-1788,3,-271,40,110,38,stop,,,
-6269,0,867,3,15085,21,-1787,1,-264,7,99,11,stop,,,
-6280,11,842,25,15114,29,-1786,1,-297,33,95,4,stop,,,
-6284,4,819,23,15072,42,-1784,2,-287,10,79,16,stop,,,
-6287,3,798,21,15074,2,-1782,2,-257,30,105,26,stop,,,
-6293,6,815,17,15076,2,-1779,3,-227,30,100,5,stop,,,
-6298,5,839,24,15076,0,-1785,6,-202,25,68,32,stop,,,
-6294,4,866,27,15111,35,-1784,1,-210,8,64,4,stop,,,
-6268,26,877,11,15083,28,-1782,2,-236,26,16,48,stop,,,
-6239,29,852,25,15069,14,-1787,5,-263,27,80,64,stop,,,
-6255,16,854,2,15097,28,-1783,4,-272,9,118,38,stop,,,
-6270,15,840,14,15121,24,-1781,2,-256,16,123,5,stop,,,
-6288,18,849,9,15098,23,-1781,0,-279,23,103,20,stop,,,
-6290,2,815,34,15086,12,-1780,1,-260,19,83,20,stop,,,
-6277,13,804,11,15076,10,-1782,2,-248,12,85,2,stop,,,
-6279,2,804,0,15111,35,-1784,2,-220,28,71,14,stop,,,
-6283,4,844,40,15094,17,-1781,3,-169,51,69,2,stop,,,
-6273,10,890,46,15086,8,-1778,3,-200,31,73,4,stop,,,
-6262,11,892,2,15089,3,-1780,2,-231,31,70,3,stop,,,
-6262,0,863,29,15091,2,-1780,0,-289,58,115,45,stop,,,
-6228,34,858,5,14919,172,-1760,20,-258,31,114,1,stop,,,
-6298,70,863,5,15068,149,-1778,18,-295,37,107,7,stop,,,
-6294,4,820,43,15085,17,-1777,1,-284,11,95,12,stop,,,
-6292,2,839,19,15064,21,-1777,0,-249,35,94,1,stop,,,
-6300,8,826,13,15095,31,-1777,0,-235,14,86,8,stop,,,
-6301,1,834,8,15106,11,-1771,6,-208,27,73,13,stop,,,
-6303,2,872,38,15066,40,-1774,3,-189,19,79,6,stop,,,
-6280,23,875,3,15082,16,-1775,1,-223,34,51,28,stop,,,
-6268,12,908,33,15078,4,-1779,4,-241,18,90,39,stop,,,
-6283,15,870,38,15082,4,-1780,1,-292,51,119,29,stop,,,
-6312,29,862,8,15061,21,-1774,6,-256,36,104,15,stop,,,
-6304,8,860,2,15091,30,-1775,1,-295,39,87,17,stop,,,
-6300,4,827,33,15066,25,-1778,3,-283,12,76,11,stop,,,
-6299,1,826,1,15081,15,-1778,0,-250,33,91,15,stop,,,
-6298,1,844,18,15078,3,-1776,2,-234,16,94,3,stop,,,
-6297,1,837,7,15105,27,-1777,1,-216,18,76,18,stop,,,
-6347,50,840,3,15102,3,-1775,2,-197,19,45,31,stop,,,
-6250,97,840,0,15094,8,-1771,4,-168,29,25,20,stop,,,
-6211,39,951,111,15077,17,-1772,1,-66,102,84,59,stop,,,
-6284,73,964,13,15076,1,-1774,2,-126,60,98,14,stop,,,
-6214,70,1072,108,15092,16,-1774,0,-140,14,-11,109,stop,,,
-6206,8,1243,171,15106,14,-1773,1,-157,17,17,28,stop,,,
-6163,43,1199,44,15116,10,-1772,1,-370,213,105,88,stop,,,
-6202,39,1086,113,15015,101,-1773,1,-203,167,174,69,stop,,,
-6258,56,1168,82,15108,93,-1777,4,-221,18,131,43,stop,,,
-6340,82,1095,73,15138,30,-1772,5,-388,167,30,101,stop,,,
-6162,178,1032,63,15080,58,-1771,1,-227,161,-19,49,stop,,,
-6224,62,1030,2,15053,27,-1770,1,-342,115,24,43,stop,,,
-6050,174,992,38,15184,131,-1773,3,-232,110,-68,92,stop,,,
-6244,194,1106,114,15132,52,-1777,4,41,188,6,74,stop,,,
-5898,346,1198,92,15271,139,-1771,6,-405,361,-206,212,stop,,,
-5956,58,1025,173,14998,273,-1755,16,-207,198,101,307,stop,,,
-5833,123,1149,124,15246,248,-1775,20,-207,0,177,76,stop,,,
-6206,373,1159,10,15144,102,-1775,0,-57,150,210,33,stop,,,
-5919,287,1276,117,15248,104,-1774,1,-263,206,57,153,stop,,,
-6248,329,1241,35,15083,165,-1773,1,-141,122,212,155,stop,,,
-6010,238,1307,66,15133,50,-1775,2,-255,114,97,115,stop,,,
-6199,189,1302,5,15143,10,-1774,1,-230,25,94,3,stop,,,
-6040,159,1272,30,15162,19,-1774,0,-344,114,99,5,stop,,,
-6156,116,1244,28,15098,64,-1774,0,-229,115,127,28,stop,,,
-6113,43,1273,29,15126,28,-1770,4,-246,17,124,3,stop,,,
-6206,93,1301,28,15101,25,-1769,1,-264,18,155,31,stop,,,
-6190,16,1229,72,15096,5,-1766,3,-319,55,124,31,stop,,,
-6220,30,1221,8,15109,13,-1770,4,-229,90,105,19,stop,,,
-6189,31,1266,45,15122,13,-1769,1,-195,34,88,17,stop,,,
-6222,33,1303,37,15055,67,-1770,1,-179,16,69,19,stop,,,
-6193,29,1341,38,15094,39,-1770,0,-254,75,55,14,stop,,,
-6176,17,1284,57,15089,5,-1771,1,-284,30,78,23,stop,,,
-6205,29,1289,5,15076,13,-1769,2,-276,8,104,26,stop,,,
-6188,17,1281,8,15109,33,-1770,1,-229,47,132,28,stop,,,
-6241,53,1309,28,15106,3,-1765,5,-282,53,115,17,stop,,,
-6233,8,1240,69,15076,30,-1768,3,-279,3,82,33,stop,,,
-6227,6,1227,13,15083,7,-1768,0,-259,20,91,9,stop,,,
-6215,12,1254,27,15099,16,-1768,0,-230,29,79,12,stop,,,
-6181,34,1251,3,14950,149,-1753,15,-186,44,63,16,stop,,,
-6219,38,1301,50,15091,141,-1770,17,-211,25,66,3,stop,,,
-6212,7,1305,4,15066,25,-1769,1,-248,37,63,3,stop,,,
-6186,26,1280,25,15090,24,-1765,4,-303,55,95,32,stop,,,
-6210,24,1268,12,15087,3,-1768,3,-268,35,97,2,stop,,,
-6224,14,1270,2,15103,16,-1764,4,-303,35,99,2,stop,,,
-6222,2,1223,47,15074,29,-1764,0,-288,15,82,17,stop,,,
-6223,1,1213,10,15090,16,-1764,0,-272,16,96,14,stop,,,
-6239,16,1208,5,15084,6,-1767,3,-222,50,91,5,stop,,,
-6168,71,1212,4,14952,132,-1750,17,-214,8,71,20,stop,,,
-6235,67,1260,48,15091,139,-1768,18,-215,1,72,1,stop,,,
-6212,23,1265,5,15085,6,-1767,1,-229,14,54,18,stop,,,
-6196,16,1264,1,15078,7,-1765,2,-293,64,88,34,stop,,,
-6202,6,1243,21,15099,21,-1764,1,-292,1,98,10,stop,,,
-6215,13,1226,17,15111,12,-1763,1,-279,13,108,10,stop,,,
-6231,16,1207,19,15078,33,-1765,2,-285,6,80,28,stop,,,
-6224,7,1196,11,15098,20,-1765,0,-258,27,98,18,stop,,,
-6229,5,1200,4,15095,3,-1768,3,-248,10,100,2,stop,,,
-6243,14,1183,17,15096,1,-1764,4,-219,29,76,24,stop,,,
-6251,8,1217,34,15071,25,-1764,0,-218,1,54,22,stop,,,
-6202,49,1230,13,15081,10,-1770,6,-215,3,41,13,stop,,,
-6191,11,1231,1,15084,3,-1763,7,-243,28,80,39,stop,,,
-6198,7,1251,20,15079,5,-1763,0,-281,38,109,29,stop,,,
-6222,24,1232,19,15114,35,-1766,3,-292,11,99,10,stop,,,
-6228,6,1209,23,15114,0,-1762,4,-297,5,88,11,stop,,,
-6225,3,1194,15,15091,23,-1763,1,-281,16,78,10,stop,,,
-6219,6,1167,27,15082,9,-1764,1,-261,20,98,20,stop,,,
-6229,10,1188,21,15097,15,-1765,1,-230,31,90,8,stop,,,
-6232,3,1211,23,15089,8,-1761,4,-244,14,65,25,stop,,,
-6212,20,1193,18,15099,10,-1766,5,-230,14,60,5,stop,,,
-6196,16,1233,40,15098,1,-1762,4,-223,7,66,6,stop,,,
-6193,3,1236,3,15090,8,-1766,4,-250,27,98,32,stop,,,
-6203,10,1219,17,15090,0,-1768,2,-283,33,104,6,stop,,,
-6224,21,1213,6,15114,24,-1766,2,-292,9,108,4,stop,,,
-6236,12,1165,48,15090,24,-1766,0,-302,10,78,30,stop,,,
-6238,2,1150,15,15102,12,-1766,0,-269,33,84,6,stop,,,
-6212,26,1160,10,15094,8,-1766,0,-244,25,87,3,stop,,,
-6156,56,1152,8,14950,144,-1744,22,-242,2,88,1,stop,,,
-6245,89,1164,12,15089,139,-1762,18,-288,46,97,9,stop,,,
-6221,24,1125,39,15092,3,-1761,1,-250,38,68,29,stop,,,
-6211,10,1152,27,15099,7,-1762,1,-200,50,64,4,stop,,,
-6209,2,1195,43,15090,9,-1765,3,-178,22,79,15,stop,,,
-6220,11,1229,34,15092,2,-1762,3,-192,14,85,6,stop,,,
-6209,11,1260,31,15082,10,-1762,0,-275,83,91,6,stop,,,
-6216,7,1209,51,15092,10,-1762,0,-320,45,76,15,stop,,,
-6217,1,1167,42,15100,8,-1761,1,-345,25,94,18,stop,,,
-6222,5,1131,36,15085,15,-1761,0,-288,57,89,5,stop,,,
-6220,2,1118,13,15096,11,-1758,3,-243,45,87,2,stop,,,
-6224,4,1135,17,15102,6,-1759,1,-258,15,90,3,stop,,,
-6217,7,1114,21,15103,1,-1761,2,-264,6,84,6,stop,,,
-6215,2,1088,26,15106,3,-1759,2,-243,21,84,0,stop,,,
-6211,4,1118,30,15111,5,-1761,2,-195,48,63,21,stop,,,
-6203,8,1174,56,15077,34,-1763,2,-183,12,72,9,stop,,,
-6220,17,1185,11,15097,20,-1761,2,-244,61,81,9,stop,,,
-6181,39,1180,5,15075,22,-1758,3,-267,23,75,6,stop,,,
-6189,8,1148,32,15104,29,-1759,1,-311,44,105,30,stop,,,
-6216,27,1148,0,15086,18,-1758,1,-277,34,111,6,stop,,,
-6222,6,1132,16,15124,38,-1763,5,-276,1,106,5,stop,,,
-6247,25,1118,14,15093,31,-1761,2,-286,10,97,9,stop,,,
-6250,3,1110,8,15099,6,-1761,0,-268,18,69,28,stop,,,
-6226,24,1102,8,15102,3,-1759,2,-231,37,72,3,stop,,,
-6220,6,1121,19,15113,11,-1756,3,-209,22,67,5,stop,,,
-6209,11,1183,62,15110,3,-1761,5,-216,7,77,10,stop,,,
-6219,10,1150,33,15087,23,-1756,5,-227,11,72,5,stop,,,
-6201,18,1197,47,15083,4,-1761,5,-257,30,73,1,stop,,,
-6218,17,1159,38,15088,5,-1761,0,-290,33,98,25,stop,,,
-6222,4,1161,2,15104,16,-1758,3,-261,29,109,11,stop,,,
-6233,11,1156,5,15085,19,-1760,2,-282,21,111,2,stop,,,
-6250,17,1108,48,15075,10,-1763,3,-288,6,89,22,stop,,,
-6239,11,1113,5,15079,4,-1759,4,-253,35,93,4,stop,,,
-6234,5,1111,2,15105,26,-1760,1,-211,42,85,8,stop,,,
-6235,1,1153,42,15069,36,-1757,3,-175,36,82,3,stop,,,
-6256,21,1192,39,15083,14,-1759,2,-220,45,93,11,stop,,,
-6229,27,1188,4,15079,4,-1759,0,-232,12,70,23,stop,,,
-6250,21,1179,9,15084,5,-1755,4,-298,66,99,29,stop,,,
-6246,4,1173,6,15086,2,-1756,1,-289,9,101,2,stop,,,
-6258,12,1166,7,15083,3,-1757,1,-294,5,90,11,stop,,,
-6269,11,1127,39,15079,4,-1756,1,-290,4,82,8,stop,,,
-6240,29,1130,3,15072,7,-1760,4,-256,34,76,6,stop,,,
-6259,19,1111,19,15093,21,-1757,3,-243,13,100,24,stop,,,
-6263,4,1147,36,15085,8,-1756,1,-215,28,80,20,stop,,,
-6261,2,1175,28,15072,13,-1756,0,-204,11,84,4,stop,,,
-6264,3,1175,0,15058,14,-1759,3,-225,21,75,9,stop,,,
-6241,23,1203,28,15062,4,-1755,4,-259,34,69,6,stop,,,
-6255,14,1169,34,15071,9,-1753,2,-300,41,98,29,stop,,,
-6258,3,1179,10,15080,9,-1755,2,-287,13,103,5,stop,,,
-6214,44,1135,44,14918,162,-1736,19,-285,2,96,7,stop,,,
-6269,55,1121,14,15076,158,-1754,18,-279,6,72,24,stop,,,
-6272,3,1109,12,15071,5,-1756,2,-266,13,79,7,stop,,,
-6272,0,1122,13,15084,13,-1755,1,-232,34,86,7,stop,,,
-6262,10,1146,24,15093,9,-1757,2,-194,38,73,13,stop,,,
-6250,12,1187,41,15080,13,-1756,1,-207,13,91,18,stop,,,
-6262,12,1164,23,15076,4,-1751,5,-231,24,64,27,stop,,,
-6253,9,1190,26,15047,29,-1752,1,-247,16,92,28,stop,,,
-6260,7,1166,24,15055,8,-1754,2,-281,34,98,6,stop,,,
-6262,2,1164,2,15061,6,-1751,3,-286,5,98,0,stop,,,
-6278,16,1138,26,15085,24,-1755,4,-306,20,97,1,stop,,,
-6263,15,1106,32,15069,16,-1754,1,-281,25,70,27,stop,,,
-6263,0,1108,2,15073,4,-1755,1,-262,19,86,16,stop,,,
-6279,16,1105,3,15084,11,-1752,3,-227,35,89,3,stop,,,
-6273,6,1129,24,15067,17,-1754,2,-202,25,73,16,stop,,,
-6273,0,1152,23,15087,20,-1752,2,-213,11,73,0,stop,,,
-6238,35,1175,23,15077,10,-1749,3,-219,6,54,19,stop,,,
-6239,1,1177,2,15063,14,-1750,1,-262,43,85,31,stop,,,
-6253,14,1156,21,15077,14,-1752,2,-276,14,104,19,stop,,,
-6277,24,1148,8,15111,34,-1754,2,-288,12,105,1,stop,,,
-6271,6,1130,18,15107,4,-1755,1,-307,19,81,24,stop,,,
-6209,62,1081,49,14932,175,-1737,18,-286,21,65,16,stop,,,
-6248,39,1077,4,15073,141,-1753,16,-253,33,89,24,stop,,,
-6269,21,1098,21,15085,12,-1753,0,-232,21,93,4,stop,,,
-6269,0,1100,2,15110,25,-1752,1,-211,21,72,21,stop,,,
-6253,16,1136,36,15085,25,-1752,0,-215,4,68,4,stop,,,
-6241,12,1134,2,15082,3,-1752,0,-206,9,48,20,stop,,,
-6159,82,1151,17,14927,155,-1733,19,-227,21,73,25,stop,,,
-6234,75,1173,22,15075,148,-1747,14,-272,45,99,26,stop,,,
-6254,20,1164,9,15081,6,-1750,3,-319,47,94,5,stop,,,
-6250,4,1085,79,15097,16,-1748,2,-318,1,86,8,stop,,,
-6234,16,1088,3,15069,28,-1750,2,-277,41,84,2,stop,,,
-6247,13,1082,6,15087,18,-1748,2,-238,39,105,21,stop,,,
-6263,16,1111,29,15082,5,-1749,1,-209,29,101,4,stop,,,
-6269,6,1144,33,15085,3,-1752,3,-254,45,116,15,stop,,,
-6289,20,1076,68,15095,10,-1750,2,-291,37,85,31,stop,,,
-6264,25,1078,2,15089,6,-1751,1,-223,68,59,26,stop,,,
-6255,9,1132,54,15085,4,-1754,3,-179,44,60,1,stop,,,
-6248,7,1156,24,15069,16,-1749,5,-183,4,83,23,stop,,,
-6251,3,1187,31,15100,31,-1744,5,-220,37,76,7,stop,,,
-6235,16,1177,10,15068,32,-1745,1,-283,63,78,2,stop,,,
-6233,2,1151,26,15085,17,-1749,4,-292,9,112,34,stop,,,
-6260,27,1124,27,15070,15,-1747,2,-294,2,119,7,stop,,,
-6253,7,1133,9,15093,23,-1744,3,-293,1,91,28,stop,,,
-6276,23,1086,47,15078,15,-1748,4,-284,9,90,1,stop,,,
-6254,22,1089,3,15093,15,-1748,0,-274,10,75,15,stop,,,
-6268,14,1079,10,15111,18,-1748,0,-234,40,83,8,stop,,,
-6274,6,1114,35,15082,29,-1748,0,-198,36,77,6,stop,,,
-6258,16,1167,53,15088,6,-1744,4,-205,7,79,2,stop,,,
-6255,3,1156,11,15090,2,-1749,5,-218,13,55,24,stop,,,
-6235,20,1180,24,15068,22,-1747,2,-255,37,62,7,stop,,,
-6235,0,1138,42,15110,42,-1749,2,-281,26,94,32,stop,,,
-6241,6,1157,19,15078,32,-1746,3,-275,6,114,20,stop,,,
-6258,17,1125,32,15085,7,-1750,4,-318,43,104,10,stop,,,
-6261,3,1075,50,15068,17,-1750,0,-274,44,82,22,stop,,,
-6259,2,1086,11,15069,1,-1755,5,-272,2,65,17,stop,,,
-6240,19,1093,7,15111,42,-1746,9,-220,52,72,7,stop,,,
-6239,1,1126,33,15082,29,-1749,3,-223,3,78,6,stop,,,
-6250,11,1124,2,15083,1,-1746,3,-145,78,82,4,stop,,,
-6218,32,1192,68,15042,41,-1746,0,-197,52,80,2,stop,,,
-6249,31,1203,11,15098,56,-1748,2,-265,68,102,22,stop,,,
-6244,5,1181,22,15082,16,-1750,2,-283,18,115,13,stop,,,
-6266,22,1150,31,15076,6,-1746,4,-328,45,109,6,stop,,,
-6278,12,1093,57,15067,9,-1746,0,-289,39,94,15,stop,,,
-6270,8,1102,9,15057,10,-1744,2,-267,22,98,4,stop,,,
-6283,13,1098,4,15065,8,-1750,6,-248,19,109,11,stop,,,
-6290,7,1106,8,15055,10,-1746,4,-272,24,101,8,stop,,,
-6289,1,1090,16,15064,9,-1745,1,-269,3,87,14,stop,,,
-6285,4,1087,3,15075,11,-1745,0,-239,30,75,12,stop,,,
-6278,7,1097,10,15057,18,-1746,1,-191,48,77,2,stop,,,
-6293,15,1135,38,15058,1,-1744,2,-175,16,72,5,stop,,,
-6227,66,1158,23,14927,131,-1728,16,-216,41,81,9,stop,,,
-6267,40,1167,9,15076,149,-1747,19,-282,66,73,8,stop,,,
-6284,17,1141,26,15067,9,-1743,4,-294,12,104,31,stop,,,
-6282,2,1136,5,15054,13,-1747,4,-263,31,108,4,stop,,,
-6300,18,1127,9,15095,41,-1746,1,-288,25,94,14,stop,,,
-6302,2,1102,25,15067,28,-1750,4,-314,26,85,9,stop,,,
-6283,19,1060,42,15065,2,-1750,0,-319,5,73,12,stop,,,
-6285,2,1035,25,15082,17,-1747,3,-235,84,77,4,stop,,,
-6276,9,1061,26,15090,8,-1747,0,-160,75,73,4,stop,,,
-6283,7,1127,66,15064,26,-1746,1,-189,29,91,18,stop,,,
-6284,1,1121,6,15060,4,-1744,2,-225,36,62,29,stop,,,
-6266,18,1160,39,15056,4,-1750,6,-234,9,90,28,stop,,,
-6277,11,1137,23,15061,5,-1747,3,-275,41,111,21,stop,,,
-6283,6,1123,14,15074,13,-1749,2,-292,17,107,4,stop,,,
-6306,23,1104,19,15084,10,-1747,2,-305,13,108,1,stop,,,
-6304,2,1095,9,15042,42,-1744,3,-285,20,86,22,stop,,,
-6307,3,1066,29,15076,34,-1747,3,-266,19,92,6,stop,,,
-6309,2,1074,8,15082,6,-1745,2,-218,48,70,22,stop,,,
-6317,8,1099,25,15082,0,-1746,1,-220,2,79,9,stop,,,
-6296,21,1107,8,15049,33,-1745,1,-215,5,49,30,stop,,,
-6225,71,1106,1,14928,121,-1723,22,-201,14,65,16,stop,,,
-6273,48,1164,58,15048,120,-1748,25,-239,38,81,16,stop,,,
-6279,6,1141,23,15069,21,-1744,4,-309,70,103,22,stop,,,
-6288,9,1108,33,15079,10,-1746,2,-303,6,106,3,stop,,,
-6306,18,1105,3,15058,21,-1746,0,-282,21,95,11,stop,,,
-6311,5,1068,37,15064,6,-1744,2,-259,23,93,2,stop,,,
-6298,13,1093,25,15062,2,-1744,0,-239,20,92,1,stop,,,
-6320,22,1073,20,15050,12,-1743,1,-264,25,94,2,stop,,,
-6314,6,1090,17,15057,7,-1746,3,-220,44,65,29,stop,,,
-6286,28,1087,3,15066,9,-1745,1,-224,4,38,27,stop,,,
-6281,5,1117,30,15074,8,-1744,1,-180,44,50,12,stop,,,
-6262,19,1147,30,15081,7,-1742,2,-216,36,65,15,stop,,,
-6250,12,1164,17,15072,9,-1746,4,-226,10,95,30,stop,,,
-6283,33,1171,7,15063,9,-1742,4,-290,64,100,5,stop,,,
-6273,10,1131,40,15066,3,-1743,1,-289,1,108,8,stop,,,
-6303,30,1121,10,15063,3,-1741,2,-271,18,99,9,stop,,,
-6300,3,1124,3,15060,3,-1739,2,-300,29,99,0,stop,,,
-6289,11,1091,33,15044,16,-1740,1,-270,30,81,18,stop,,,
-6299,10,1087,4,15071,27,-1741,1,-256,14,87,6,stop,,,
-6293,6,1089,2,15067,4,-1742,1,-202,54,60,27,stop,,,
-6285,8,1115,26,15078,11,-1741,1,-189,13,70,10,stop,,,
-6285,0,1159,44,15061,17,-1744,3,-198,9,72,2,stop,,,
-6274,11,1176,17,15058,3,-1743,1,-271,73,81,9,stop,,,
-6282,8,1117,59,15070,12,-1739,4,-294,23,105,24,stop,,,
-6288,6,1127,10,15084,14,-1739,0,-271,23,100,5,stop,,,
-6306,18,1119,8,15074,10,-1740,1,-280,9,111,11,stop,,,
-6303,3,1079,40,15041,33,-1742,2,-294,14,93,18,stop,,,
-6315,12,1055,24,15060,19,-1739,3,-261,33,93,0,stop,,,
-6318,3,1078,23,15063,3,-1743,4,-211,50,70,23,stop,,,
-6305,13,1124,46,15049,14,-1742,1,-182,29,72,2,stop,,,
-6313,8,1143,19,15065,16,-1742,0,-226,44,68,4,stop,,,
-6222,91,1128,15,14905,160,-1725,17,-222,4,50,18,stop,,,
-6266,44,1149,21,15061,156,-1743,18,-297,75,80,30,stop,,,
-6270,4,1094,55,15067,6,-1739,4,-284,13,102,22,stop,,,
-6299,29,1136,42,15061,6,-1739,0,-288,4,111,9,stop,,,
-6297,2,1060,76,15069,8,-1739,0,-291,3,98,13,stop,,,
-6297,0,1074,14,15045,24,-1741,2,-264,27,83,15,stop,,,
-6236,61,1028,46,14906,139,-1723,18,-254,10,78,5,stop,,,
-6298,62,1058,30,15078,172,-1739,16,-210,44,67,11,stop,,,
-6300,2,1105,47,15071,7,-1744,5,-183,27,85,18,stop,,,
-6277,23,1125,20,15063,8,-1740,4,-216,33,56,29,stop,,,
-6285,8,1138,13,15054,9,-1741,1,-249,33,76,20,stop,,,
-6283,2,1111,27,15059,5,-1740,1,-279,30,102,26,stop,,,
-6296,13,1093,18,15100,41,-1743,3,-281,2,99,3,stop,,,
-6293,3,1089,4,15074,26,-1742,1,-299,18,101,2,stop,,,
-6291,2,1055,34,15060,14,-1738,4,-277,22,85,16,stop,,,
-6295,4,1038,17,15065,5,-1740,2,-247,30,87,2,stop,,,
-6311,16,1059,21,15085,20,-1740,0,-199,48,74,13,stop,,,
-6284,27,1097,38,15057,28,-1737,3,-195,4,73,1,stop,,,
-6289,5,1111,14,15052,5,-1740,3,-232,37,44,29,stop,,,
-6273,16,1123,12,15070,18,-1736,4,-237,5,75,31,stop,,,
-6211,62,1099,24,14917,153,-1722,14,-305,68,102,27,stop,,,
-6277,66,1082,17,15085,168,-1737,15,-308,3,98,4,stop,,,
-6299,22,1055,27,15096,11,-1742,5,-294,14,103,5,stop,,,
-6297,2,1057,2,15061,35,-1742,0,-270,24,95,8,stop,,,
-6240,57,1025,32,14910,151,-1721,21,-251,19,94,1,stop,,,
-6305,65,1055,30,15048,138,-1739,18,-233,18,87,7,stop,,,
-6305,0,1057,2,15082,34,-1736,3,-270,37,84,3,stop,,,
-6313,8,1017,40,15079,3,-1738,2,-263,7,76,8,stop,,,
-6308,5,1025,8,15044,35,-1736,2,-198,65,66,10,stop,,,
-6287,21,1096,71,15036,8,-1736,0,-153,45,69,3,stop,,,
-6279,8,1151,55,15064,28,-1736,0,-225,72,67,2,stop,,,
-6273,6,1118,33,15057,7,-1736,0,-263,38,64,3,stop,,,
-6261,12,1127,9,15062,5,-1740,4,-286,23,97,33,stop,,,
-6290,29,1088,39,15048,14,-1737,3,-285,1,105,8,stop,,,
-6231,59,1101,13,14915,133,-1722,15,-297,12,94,11,stop,,,
-6295,64,1051,50,15094,179,-1738,16,-307,10,83,11,stop,,,
-6276,19,1053,2,15073,21,-1738,0,-276,31,98,15,stop,,,
-6299,23,1034,19,15054,19,-1732,6,-253,23,112,14,stop,,,
-6319,20,1034,0,15090,36,-1739,7,-211,42,89,23,stop,,,
-6306,13,1072,38,15067,23,-1736,3,-199,12,65,24,stop,,,
-6294,12,1088,16,15079,12,-1738,2,-180,19,54,11,stop,,,
-6271,23,1117,29,15058,21,-1737,1,-195,15,73,19,stop,,,
-6269,2,1168,51,15068,10,-1737,0,-243,48,96,23,stop,,,
-6297,28,1138,30,15070,2,-1737,0,-299,56,94,2,stop,,,
-6278,19,1088,50,15070,0,-1733,4,-309,10,68,26,stop,,,
-6274,4,1065,23,15084,14,-1738,5,-289,20,99,31,stop,,,
-6310,36,1061,4,15038,46,-1736,2,-239,50,112,13,stop,,,
-6313,3,1073,12,15085,47,-1732,4,-231,8,113,1,stop,,,
-6320,7,1076,3,15048,37,-1738,6,-265,34,114,1,stop,,,
-6338,18,1058,18,15050,2,-1738,0,-273,8,77,37,stop,,,
-6312,26,1035,23,15066,16,-1737,1,-216,57,46,31,stop,,,
-6296,16,1076,41,15046,20,-1739,2,-158,58,74,28,stop,,,
-6291,5,1159,83,15049,3,-1736,3,-201,43,84,10,stop,,,
-6309,18,1124,35,15059,10,-1735,1,-252,51,63,21,stop,,,
-6302,7,1137,13,15055,4,-1740,5,-266,14,89,26,stop,,,
-6294,8,1126,11,15051,4,-1736,4,-273,7,105,16,stop,,,
-6308,14,1116,10,15070,19,-1738,2,-290,17,101,4,stop,,,
-6312,4,1080,36,15062,8,-1741,3,-299,9,99,2,stop,,,
-6319,7,1074,6,15045,17,-1736,5,-282,17,78,21,stop,,,
-6306,13,1050,24,15054,9,-1737,1,-255,27,83,5,stop,,,
-6318,12,1076,26,15074,20,-1736,1,-228,27,91,8,stop,,,
-6311,7,1074,2,15076,2,-1739,3,-245,17,80,11,stop,,,
-6314,3,1069,5,15059,17,-1739,0,-222,23,52,28,stop,,,
-6285,29,1111,42,15070,11,-1737,2,-197,25,59,7,stop,,,
-6293,8,1118,7,15087,17,-1737,0,-208,11,54,5,stop,,,
-6277,16,1158,40,15078,9,-1735,2,-325,117,25,29,stop,,,
-6236,41,1073,85,15065,13,-1740,5,-403,78,82,57,stop,,,
-6225,11,967,106,15081,16,-1739,1,-275,128,107,25,stop,,,
-6263,38,1028,61,15091,10,-1738,1,-223,52,111,4,stop,,,
-6249,14,1047,19,15111,20,-1737,1,-270,47,107,4,stop,,,
-6291,42,1014,33,15031,80,-1737,0,-399,129,117,10,stop,,,
-6221,70,1014,0,15118,87,-1738,1,-152,247,29,88,stop,,,
-6392,171,984,30,15096,22,-1736,2,-186,34,-28,57,stop,,,
-6154,238,1016,32,15127,31,-1735,1,-41,145,-35,7,stop,,,
-6158,4,1212,196,15080,47,-1734,1,-103,62,90,125,stop,,,
-6088,70,1156,56,15202,122,-1736,2,-280,177,13,77,stop,,,
-6239,151,1034,122,15136,66,-1737,1,-245,35,106,93,stop,,,
-6011,228,1229,195,15262,126,-1738,1,-232,13,116,10,stop,,,
-6412,401,1120,109,14927,335,-1736,2,63,295,254,138,stop,,,
-6094,318,1221,101,15140,213,-1735,1,-329,392,22,232,stop,,,
-6315,221,1142,79,15040,100,-1737,2,-243,86,9,13,stop,,,
-6074,241,1248,106,15181,141,-1740,3,-312,69,60,51,stop,,,
-6301,227,946,302,15068,113,-1735,5,-436,124,118,58,stop,,,
-5948,353,1071,125,14950,118,-1720,15,-235,201,-16,134,stop,,,
-6186,238,935,136,15150,200,-1733,13,-447,212,-3,13,stop,,,
-5962,224,1037,102,15286,136,-1734,1,-157,290,142,145,stop,,,
-6326,364,1005,32,15081,205,-1736,2,-378,221,109,33,stop,,,
-6082,244,1055,50,15191,110,-1737,1,-193,185,113,4,stop,,,
-6199,117,1017,38,15084,107,-1736,1,-302,109,35,78,stop,,,
-6088,111,1048,31,15144,60,-1736,0,-228,74,94,59,stop,,,
-6166,78,1037,11,15134,10,-1735,1,-254,26,79,15,stop,,,
-6130,36,1048,11,15176,42,-1727,8,-207,47,100,21,stop,,,
-6150,20,1032,16,15120,56,-1732,5,-243,36,73,27,stop,,,
-6127,23,1096,64,15120,0,-1735,3,-233,10,94,21,stop,,,
-6158,31,1053,43,15146,26,-1737,2,-263,30,84,10,stop,,,
-6133,25,1066,13,15138,8,-1737,0,-317,54,100,16,stop,,,
-6156,23,1004,62,15136,2,-1738,1,-333,16,89,11,stop,,,
-6139,17,978,26,15160,24,-1738,0,-309,24,94,5,stop,,,
-6156,17,950,28,15110,50,-1736,2,-276,33,84,10,stop,,,
-6146,10,947,3,15140,30,-1736,0,-258,18,109,25,stop,,,
-6164,18,940,7,15131,9,-1740,4,-253,5,100,9,stop,,,
-6164,0,972,32,15139,8,-1736,4,-255,2,81,19,stop,,,
-6175,11,922,50,15144,5,-1737,1,-267,12,50,31,stop,,,
-6150,25,959,37,15129,15,-1738,1,-218,49,51,1,stop,,,
-6120,30,984,25,15185,56,-1737,1,-290,72,63,12,stop,,,
-6168,48,1118,134,15255,70,-1736,1,-706,416,157,94,stop,,,
-6128,40,610,508,15171,84,-1735,1,-1203,497,414,257,stop,,,
-6690,562,-51,661,14734,437,-1734,1,-868,335,1650,1236,stop,,,
-6842,152,62,113,14084,650,-1739,5,704,1572,1607,43,stop,,,
-8120,#NOME?,7,55,14104,20,-1739,0,1028,324,113,1494,stop,,,
-7787,333,-44,51,14637,533,-1736,3,2089,1061,-2172,2285,stop,,,
-5736,2051,1253,1297,12809,1828,-1721,15,8491,6402,-3923,1751,stop,,,
-2926,2810,10956,9703,18596,5787,-1705,16,5614,2877,-3008,915,stop,,,
-7965,7965,2051,2051,13831,13831,-1996,1996,-4764,4764,2003,2003,walk,,,
-8939,974,1909,142,14490,659,-1996,0,-4474,290,-194,2197,walk,,,
-6703,2236,3211,1302,14502,12,-1995,1,-1537,2937,-832,638,walk,,,
-6141,562,3740,529,14516,14,-1991,4,1027,2564,-793,39,walk,,,
-5780,361,4403,663,14878,362,-1992,1,1675,648,422,1215,walk,,,
-5817,37,3750,653,14576,302,-1992,0,623,1052,764,342,walk,,,
-8047,2230,1919,1831,14972,396,-1990,2,2271,1648,575,189,walk,,,
-7914,133,1361,558,14016,956,-1988,2,-1415,3686,-20,595,walk,,,
-6836,1078,2408,1047,14151,135,-1992,4,1528,2943,-1496,1476,walk,,,
-5511,1325,1918,490,15628,1477,-1992,0,-1204,2732,332,1828,walk,,,
-6460,949,1130,788,14861,767,-1993,1,-2699,1495,950,618,walk,,,
-6707,247,1123,7,15223,362,-1990,3,-1738,961,880,70,walk,,,
-6970,263,4011,2888,14307,916,-1988,2,-617,1121,658,222,walk,,,
-7398,428,4684,673,13906,401,-1983,5,-779,162,1175,517,walk,,,
-8015,617,4769,85,13465,441,-1988,5,-213,566,1318,143,walk,,,
-8167,152,4785,16,13758,293,-1984,4,-727,514,373,945,walk,,,
-7940,227,4751,34,13708,50,-1986,2,-200,527,-652,1025,walk,,,
-7360,580,3464,1287,13998,290,-1987,1,1345,1545,-1063,411,walk,,,
-7298,62,1228,2236,15342,1344,-1983,4,-33,1378,-994,69,walk,,,
-6400,898,1385,157,14593,749,-1982,1,-110,77,-649,345,walk,,,
-6436,36,1102,283,15174,581,-1984,2,-264,154,217,866,walk,,,
-6771,335,1143,41,14943,231,-1985,1,-756,492,382,165,walk,,,
-7272,501,1938,795,14450,493,-1987,2,-909,153,870,488,walk,,,
-7427,155,4397,2459,14331,119,-1981,6,364,1273,767,103,walk,,,
-8061,634,4604,207,13645,686,-1981,0,-103,467,135,632,walk,,,
-7353,708,4792,188,13869,224,-1983,2,-624,521,18,117,walk,,,
-7914,561,4580,212,13908,39,-1977,6,-856,232,13,5,walk,,,
-7312,602,2909,1671,13804,104,-1981,4,637,1493,-165,178,walk,,,
-7682,370,1188,1721,14893,1089,-1978,3,-136,773,168,333,walk,,,
-7243,439,1080,108,14572,321,-1975,3,-752,616,-361,529,walk,,,
-7219,24,834,246,14635,63,-1974,1,-807,55,-542,181,walk,,,
-6774,445,634,200,14653,18,-1982,8,-99,708,-174,368,walk,,,
-6714,60,388,246,14993,340,-1976,6,-195,96,-87,87,walk,,,
-6730,16,887,499,15012,19,-1980,4,-590,395,-216,129,walk,,,
-6970,240,2717,1830,14722,290,-1974,6,224,814,-326,110,walk,,,
-7215,245,3124,407,14457,265,-1976,2,369,145,642,968,walk,,,
-7601,386,3145,21,14241,216,-1974,2,76,293,740,98,walk,,,
-7907,306,3297,152,14049,192,-1974,0,-224,300,439,301,walk,,,
-7599,308,3392,95,14343,294,-1975,1,227,451,-9,448,walk,,,
-7519,80,1528,1864,14445,102,-1975,0,845,618,-3,6,walk,,,
-7541,22,1361,167,14801,356,-1974,1,804,41,-93,90,walk,,,
-7105,436,1711,350,14576,225,-1972,2,361,443,-284,191,walk,,,
-6609,496,1688,23,14993,417,-1975,3,-30,391,-317,33,walk,,,
-6694,85,1396,292,15017,24,-1972,3,-476,446,20,337,walk,,,
-6612,82,1398,2,15099,82,-1968,4,-2030,1554,-28,48,walk,,,
-7317,705,2434,1036,14193,906,-1971,3,-1001,1029,58,86,walk,,,
-8070,753,2943,509,14292,99,-1970,1,414,1415,312,254,walk,,,
-7609,461,3164,221,14256,36,-1971,1,28,386,886,574,walk,,,
-8095,486,3325,161,13983,273,-1970,1,-1277,1305,513,373,walk,,,
-7725,370,2782,543,14010,27,-1967,3,-201,1076,-154,667,walk,,,
-6875,850,1411,1371,14888,878,-1968,1,1147,1348,-589,435,walk,,,
-7173,298,1438,27,14948,60,-1971,3,136,1011,193,782,walk,,,
-6827,346,1648,210,14816,132,-1967,4,-588,724,364,171,walk,,,
-7116,289,1400,248,14824,8,-1967,0,-911,323,640,276,walk,,,
-7924,808,1889,489,14276,548,-1965,2,-1001,90,785,145,walk,,,
-8437,513,3078,1189,13207,1069,-1879,86,-1202,201,1429,644,walk,,,
-9079,642,1326,1752,13165,42,-1968,89,-27,1175,806,623,walk,,,
-9446,367,898,428,13709,544,-1965,3,1124,1151,1045,239,walk,,,
-7608,1838,3173,2275,10907,2802,-1963,2,6364,5240,44,1001,walk,,,
-8460,852,2349,824,13858,2951,-1940,23,-7127,13491,-1862,1906,walk,,,
-7365,1095,453,1896,15127,1269,-1966,26,-2182,4945,-211,1651,walk,,,
-8117,752,-93,546,14291,836,-1965,1,-1027,1155,181,392,walk,,,
-8153,36,696,789,14112,179,-1961,4,1052,2079,883,702,walk,,,
-10862,2709,1748,1052,12116,1996,-1964,3,3677,2625,1075,192,walk,,,
-10987,125,2801,1053,12250,134,-1960,4,6651,2974,312,763,walk,,,
-10009,978,2142,659,12488,238,-1964,4,4727,1924,-1121,1433,walk,,,
-11167,1158,1090,1052,11490,998,-1965,1,1539,3188,-2708,1587,walk,,,
-9799,1368,2001,911,15006,3516,-1958,7,2348,809,-3424,716,walk,,,
-4903,4896,4172,2171,15180,174,-1959,1,2554,206,-1302,2122,walk,,,
-7498,2595,3360,812,14501,679,-1959,0,-47,2601,-886,416,walk,,,
-4755,2743,1324,2036,15093,592,-1958,1,924,971,-1428,542,walk,,,
-4181,574,-26,1350,15313,220,-1960,2,-90,1014,50,1478,walk,,,
-5318,1137,-695,669,17111,1798,-1961,1,-2868,2778,949,899,walk,,,
-7494,2176,1533,2228,14484,2627,-1957,4,-6019,3151,1118,169,walk,,,
-6129,1365,807,726,15665,1181,-1957,0,-2244,3775,1557,439,walk,,,
-7356,1227,-550,1357,13581,2084,-1955,2,-5252,3008,1350,207,walk,,,
-7876,520,-7,543,17075,3494,-1960,5,-5833,581,-809,2159,walk,,,
-6058,1818,1614,1621,14677,2398,-1963,3,-3517,2316,-65,744,walk,,,
-6626,568,-328,1942,14664,13,-1953,10,-2968,549,1440,1505,walk,,,
-7513,887,804,1132,17640,2976,-1954,1,-6357,3389,-536,1976,walk,,,
-7408,105,1197,393,13394,4246,-1957,3,0,6357,658,1194,walk,,,
-8225,817,-832,2029,13566,172,-1956,1,-645,645,904,246,walk,,,
-8478,253,-82,750,16496,2930,-1958,2,-3758,3113,-1866,2770,walk,,,
-7307,1171,-490,408,12984,3512,-1954,4,1597,5355,183,2049,walk,,,
-7561,254,-1196,706,14620,1636,-1936,18,2839,1242,328,145,walk,,,
-9407,1846,1712,2908,13485,1135,-1958,22,-673,3512,887,559,walk,,,
-8263,1144,978,734,13848,363,-1954,4,6822,7495,-35,922,walk,,,
-9973,1710,-303,1281,15027,1179,-1954,0,2638,4184,-1506,1471,walk,,,
-8247,1726,3301,3604,12809,2218,-1935,19,3556,918,366,1872,walk,,,
-6788,1459,335,2966,12026,783,-1953,18,3438,118,-36,402,walk,,,
-8955,2167,-205,540,17593,5567,-1954,1,348,3090,401,437,walk,,,
-9317,362,2246,2451,10473,7120,-1955,1,5935,5587,1458,1057,walk,,,
-8578,739,-29,2275,12088,1615,-1928,27,4021,1914,-334,1792,walk,,,
-11475,2897,273,302,17365,5277,-1953,25,-1670,5691,-923,589,walk,,,
-5486,5989,3183,2910,13393,3972,-1957,4,-391,1279,200,1123,walk,,,
-6681,1195,-153,3336,13190,203,-1954,3,-325,66,269,69,walk,,,
-8242,1561,1203,1356,18162,4972,-1953,1,-3614,3289,-671,940,walk,,,
-7930,312,2020,817,12937,5225,-1952,1,2487,6101,55,726,walk,,,
-6273,1657,1705,315,14930,1993,-1951,1,-3569,6056,537,482,walk,,,
-7717,1444,1341,364,13990,940,-1953,2,-6919,3350,1179,642,walk,,,
-8078,361,-257,1598,14381,391,-1947,6,-1700,5219,775,404,walk,,,
-6588,1490,-197,60,16847,2466,-1947,0,-3020,1320,922,147,walk,,,
-6322,266,2743,2940,13212,3635,-1949,2,-7903,4883,250,672,walk,,,
-6702,380,368,2375,14849,1637,-1945,4,-4795,3108,-507,757,walk,,,
-9113,2411,-452,820,15328,479,-1948,3,-4808,13,680,1187,walk,,,
-5835,3278,4102,4554,13837,1491,-1947,1,-6505,1697,-880,1560,walk,,,
-5234,601,766,3336,14058,221,-1950,3,-3365,3140,264,1144,walk,,,
-7461,2227,850,84,18305,4247,-1950,0,-5190,1825,2051,1787,walk,,,
-5861,1600,4012,3162,14054,4251,-1944,6,-4886,304,529,1522,walk,,,
-7492,1631,807,3205,12486,1568,-1944,0,-6563,1677,1408,879,walk,,,
-8431,939,1139,332,17231,4745,-1943,1,-4904,1659,-588,1996,walk,,,
-5536,2895,3061,1922,14757,2474,-1942,1,-2729,2175,990,1578,walk,,,
-6401,865,1011,2050,13823,934,-1946,4,-1628,1101,1213,223,walk,,,
-8420,2019,2046,1035,17250,3427,-1942,4,-4433,2805,988,225,walk,,,
-8286,134,1862,184,13088,4162,-1941,1,1696,6129,312,676,walk,,,
-7711,575,515,1347,14019,931,-1942,1,377,1319,-842,1154,walk,,,
-6632,1079,3981,3466,15323,1304,-1942,0,-2600,2977,-1031,189,walk,,,
-7767,1135,-601,4582,11780,3543,-1944,2,436,3036,756,1787,walk,,,
-9211,1444,-103,498,17608,5828,-1942,2,1568,1132,-146,902,walk,,,
-8852,359,2067,2170,10953,6655,-1940,2,5760,4192,501,647,walk,,,
-7910,942,18,2049,14093,3140,-1941,1,4111,1649,-705,1206,walk,,,
-9050,1140,2187,2169,15601,1508,-1943,2,-3505,7616,-874,169,walk,,,
-7467,1583,-714,2901,12497,3104,-1939,4,1183,4688,1051,1925,walk,,,
-7817,350,-1418,704,18081,5584,-1938,1,-148,1331,582,469,walk,,,
-7565,252,2292,3710,11898,6183,-1936,2,-414,266,457,125,walk,,,
-5600,1965,-292,2584,13183,1285,-1940,4,-591,177,158,299,walk,,,
-9304,3704,-812,520,17278,4095,-1938,2,-4890,4299,-88,246,walk,,,
-7836,1468,299,1111,13897,3381,-1940,2,-1469,3421,709,797,walk,,,
-6530,1306,-350,649,16553,2656,-1940,0,2668,4137,-887,1596,walk,,,
-7975,1445,3341,3691,12550,4003,-1924,16,-4084,6752,-502,385,walk,,,
-6256,1719,-763,4104,13569,1019,-1939,15,515,4599,397,899,walk,,,
-10502,4246,-1587,824,17069,3500,-1922,17,-2817,3332,190,207,walk,,,
-6397,4105,1710,3297,13971,3098,-1935,13,-792,2025,397,207,walk,,,
-8228,1831,-1086,2796,11966,2005,-1936,1,2365,3157,-55,452,walk,,,
-9413,1185,2163,3249,15818,3852,-1939,3,-72,2437,-762,707,walk,,,
-6977,2436,956,1207,12511,3307,-1935,4,4568,4640,-174,588,walk,,,
-10185,3208,-889,1845,16171,3660,-1935,0,-495,5063,-809,635,walk,,,
-8285,1900,3074,3963,13143,3028,-1934,1,483,978,-438,371,walk,,,
-5969,2316,320,2754,11539,1604,-1940,6,2592,2109,-68,370,walk,,,
-9731,3762,743,423,18183,6644,-1940,0,-2026,4618,641,709,walk,,,
-7614,2117,1142,399,13089,5094,-1938,2,5195,7221,42,599,walk,,,
-9105,1491,-758,1900,14504,1415,-1936,2,851,4344,-418,460,walk,,,
-6493,2612,3464,4222,13614,890,-1920,16,-2053,2904,503,921,walk,,,
-7776,1283,-1249,4713,12208,1406,-1933,13,796,2849,671,168,walk,,,
-9379,1603,-776,473,19196,6988,-1935,2,-2238,3034,929,258,walk,,,
-6286,3093,973,1749,11969,7227,-1936,1,759,2997,-346,1275,walk,,,
-6761,475,-1070,2043,13144,1175,-1934,2,-2019,2778,620,966,walk,,,
-6608,153,478,1548,17340,4196,-1936,2,-5943,3924,-831,1451,walk,,,
-9352,2744,-969,1447,11449,5891,-1938,2,-2149,3794,1126,1957,walk,,,
-7589,1763,-1355,386,17960,6511,-1936,2,-1685,464,942,184,walk,,,
-6803,786,3147,4502,11765,6195,-1934,2,-3649,1964,-809,1751,walk,,,
-6227,576,-117,3264,14474,2709,-1934,0,-2286,1363,-143,666,walk,,,
-8281,2054,660,777,17697,3223,-1933,1,-5551,3265,373,516,walk,,,
-5806,2475,3931,3271,13172,4525,-1929,4,-3990,1561,1057,684,walk,,,
-6897,1091,1018,2913,14773,1601,-1936,7,-2817,1173,1201,144,walk,,,
-7198,301,4694,3676,14673,100,-1933,3,-6320,3503,-256,1457,walk,,,
-6938,260,1935,2759,15119,446,-1934,1,-4426,1894,2230,2486,walk,,,
-10297,3359,613,1322,14321,798,-1931,3,-4551,125,1437,793,walk,,,
-4777,5520,5671,5058,14217,104,-1934,3,-8065,3514,-1057,2494,walk,,,
-6607,1830,-16,5687,12269,1948,-1936,2,-4792,3273,741,1798,walk,,,
-9278,2671,-395,379,20170,7901,-1935,1,-6927,2135,2348,1607,walk,,,
-7505,1773,2886,3281,10735,9435,-1930,5,-779,6148,-476,2824,walk,,,
-7263,242,699,2187,12342,1607,-1934,4,-133,646,-641,165,walk,,,
-7914,651,1709,1010,17132,4790,-1933,1,-7625,7492,1253,1894,walk,,,
-8995,1081,-360,2069,12429,4703,-1933,0,-792,6833,338,915,walk,,,
-9103,108,522,882,17946,5517,-1931,2,1833,2625,1903,1565,walk,,,
-6767,2336,2652,2130,10725,7221,-1928,3,1569,264,749,1154,walk,,,
-8303,1536,-493,3145,13048,2323,-1928,0,-300,1869,801,52,walk,,,
-11237,2934,-825,332,17230,4182,-1929,1,-4648,4348,-934,1735,walk,,,
-7650,3587,1714,2539,13004,4226,-1934,5,-3667,981,168,1102,walk,,,
-8303,653,-3,1717,14332,1328,-1933,1,4,3671,773,605,walk,,,
-9754,1451,2524,2527,14775,443,-1913,20,-4627,4631,-566,1339,walk,,,
-7457,2297,600,1924,13156,1619,-1932,19,1760,6387,-1347,781,walk,,,
-9649,2192,-210,810,15073,1917,-1910,22,226,1534,-1147,200,walk,,,
-5623,4026,4613,4823,13984,1089,-1931,21,-3895,4121,-371,776,walk,,,
-6792,1169,-328,4941,11116,2868,-1931,0,400,4295,828,1199,walk,,,
-10752,3960,849,1177,19012,7896,-1931,0,-481,881,1220,392,walk,,,
-8350,2402,2172,1323,11235,7777,-1931,0,4218,4699,75,1145,walk,,,
-8304,46,307,1865,12479,1244,-1932,1,1231,2987,-717,792,walk,,,
-8986,682,2247,1940,16339,3860,-1930,2,-2565,3796,-1138,421,walk,,,
-8720,266,54,2193,12764,3575,-1932,2,455,3020,316,1454,walk,,,
-8643,77,-428,482,16310,3546,-1908,24,2042,1587,241,75,walk,,,
-10312,1669,3719,4147,10785,5525,-1929,21,4704,2662,1114,873,walk,,,
-7289,3023,1264,2455,12353,1568,-1932,3,4005,699,-813,1927,walk,,,
-11499,4210,1698,434,17683,5330,-1932,0,-946,4951,-2154,1341,walk,,,
-7885,3614,1547,151,12801,4882,-1926,6,-1100,154,684,2838,walk,,,
-7924,39,-192,1739,13353,552,-1928,2,3676,4776,26,658,walk,,,
-10243,2319,2367,2559,14383,1030,-1929,1,-2327,6003,920,894,walk,,,
-6797,3446,629,1738,13210,1173,-1931,2,4199,6526,-20,940,walk,,,
-10771,3974,-588,1217,18022,4812,-1908,23,-254,4453,-1090,1070,walk,,,
-4734,6037,3827,4415,11382,6640,-1929,21,-2718,2464,-435,655,walk,,,
-6950,2216,-782,4609,12797,1415,-1924,5,857,3575,421,856,walk,,,
-9589,2639,543,1325,17279,4482,-1927,3,-3059,3916,477,56,walk,,,
-7319,2270,653,110,12895,4384,-1928,1,4605,7664,32,445,walk,,,
-8924,1605,-259,912,14659,1764,-1931,3,1085,3520,25,7,walk,,,
-6627,2297,3706,3965,15231,572,-1932,1,-4526,5611,-275,300,walk,,,
-7726,1099,-432,4138,12383,2848,-1931,1,-2010,2516,788,1063,walk,,,
-8158,432,-1398,966,17459,5076,-1928,3,-1234,776,993,205,walk,,,
-5881,2277,3639,5037,12851,4608,-1930,2,-2177,943,-323,1316,walk,,,
-5238,643,628,3011,13227,376,-1931,1,-4469,2292,-125,198,walk,,,
-9703,4465,-86,714,17876,4649,-1927,4,-5164,695,578,703,walk,,,
-6821,2882,2910,2996,13693,4183,-1926,1,-4526,638,1583,1005,walk,,,
-7087,266,478,2432,14420,727,-1925,1,-1850,2676,1193,390,walk,,,
-7686,599,2876,2398,16241,1821,-1928,3,-7778,5928,199,994,walk,,,
-6461,1225,1396,1480,14621,1620,-1928,0,-4328,3450,64,135,walk,,,
-9478,3017,672,724,13681,940,-1927,1,-6794,2466,1052,988,walk,,,
-4717,4761,3750,3078,15200,1519,-1927,0,-8897,2103,150,902,walk,,,
-6190,1473,1448,2302,13107,2093,-1926,1,-4772,4125,1108,958,walk,,,
-9268,3078,58,1390,17692,4585,-1923,3,-8208,3436,1818,710,walk,,,
-6141,3127,3873,3815,13769,3923,-1930,7,-2067,6141,-111,1929,walk,,,
-7186,1045,1304,2569,11325,2444,-1923,7,-4524,2457,2356,2467,walk,,,
-10896,3710,-492,1796,18229,6904,-1907,16,-6726,2202,-761,3117,walk,,,
-6454,4442,4204,4696,13056,5173,-1926,19,-3768,2958,-478,283,walk,,,
-7392,938,248,3956,14056,1000,-1922,4,-1014,2754,312,790,walk,,,
-10709,3317,2218,1970,14331,275,-1906,16,-3908,2894,1001,689,walk,,,
-7327,3382,1213,1005,12673,1658,-1924,18,8262,12170,-472,1473,walk,,,
-11408,4081,4,1209,16666,3993,-1924,0,562,7700,-2358,1886,walk,,,
-6163,5245,3811,3807,13064,3602,-1925,1,952,390,-214,2144,walk,,,
-7111,948,472,3339,11071,1993,-1921,4,1662,710,135,349,walk,,,
-10665,3554,1698,1226,15465,4394,-1922,1,-2577,4239,1801,1666,walk,,,
-7547,3118,1179,519,13780,1685,-1923,1,8086,10663,-229,2030,walk,,,
-10645,3098,-944,2123,15237,1457,-1923,0,-185,8271,-430,201,walk,,,
-6309,4336,3154,4098,14180,1057,-1922,1,-478,293,-1482,1052,walk,,,
-6259,50,232,2922,11391,2789,-1924,2,1032,1510,-232,1250,walk,,,
-9116,2857,1518,1286,16355,4964,-1922,2,-4752,5784,1238,1470,walk,,,
-5916,3200,515,1003,14494,1861,-1917,5,3571,8323,-281,1519,walk,,,
-10045,4129,-612,1127,16824,2330,-1924,7,-2639,6210,634,915,walk,,,
-5421,4624,3847,4459,13908,2916,-1920,4,-3171,532,-53,687,walk,,,
-6842,1421,69,3778,11623,2285,-1920,0,-1449,1722,746,799,walk,,,
-9916,3074,1631,1562,17347,5724,-1925,5,-3718,2269,169,577,walk,,,
-6867,3049,1238,393,12750,4597,-1922,3,3655,7373,-213,382,walk,,,
-10406,3539,-414,1652,15385,2635,-1923,1,95,3560,-1189,976,walk,,,
-6117,4289,4311,4725,13893,1492,-1903,20,-2766,2861,-815,374,walk,,,
-7254,1137,-381,4692,10518,3375,-1922,19,2114,4880,623,1438,walk,,,
-10728,3474,714,1095,19102,8584,-1923,1,-806,2920,1690,1067,walk,,,
-7097,3631,2233,1519,11523,7579,-1922,1,8027,8833,9,1681,walk,,,
-9535,2438,-32,2265,14714,3191,-1920,2,1804,6223,-458,467,walk,,,
-6591,2944,4803,4835,15389,675,-1921,1,-4264,6068,-232,226,walk,,,
-7457,866,-464,5267,9966,5423,-1920,1,-1044,3220,780,1012,walk,,,
-11156,3699,-278,186,19022,9056,-1920,0,-1557,513,987,207,walk,,,
-7476,3680,2718,2996,11863,7159,-1917,3,5471,7028,-141,1128,walk,,,
-7583,107,782,1936,11542,321,-1919,2,91,5380,-343,202,walk,,,
-8081,498,2148,1366,17329,5787,-1919,0,-2987,3078,14,357,walk,,,
-6037,2044,1196,952,11888,5441,-1915,4,-2029,958,1853,1839,walk,,,
-8919,2882,231,965,17357,5469,-1922,7,-1534,495,1742,111,walk,,,
-6749,2170,5272,5041,12149,5208,-1919,3,-4804,3270,-390,2132,walk,,,
-5274,1475,1539,3733,12952,803,-1920,1,-4129,675,447,837,walk,,,
-8702,3428,1796,257,18059,5107,-1903,17,-7286,3157,-143,590,walk,,,
-8587,115,3454,1658,13800,4259,-1917,14,-6062,1224,2446,2589,walk,,,
-6497,2090,1496,1958,15514,1714,-1915,2,-1700,4362,1778,668,walk,,,
-7021,524,5710,4214,13491,2023,-1917,2,-7616,5916,61,1717,walk,,,
-7021,0,877,4833,14036,545,-1919,2,-4219,3397,761,700,walk,,,
-10309,3288,-106,983,17429,3393,-1916,3,-4193,26,-8,769,walk,,,
-4564,5745,5105,5211,12653,4776,-1920,4,-6453,2260,504,512,walk,,,
-6648,2084,51,5054,13550,897,-1921,1,-1139,5314,1312,808,walk,,,
-9210,2562,2103,2052,17937,4387,-1920,1,-5001,3862,1205,107,walk,,,
-7362,1848,1708,395,12703,5234,-1919,1,-908,4093,546,659,walk,,,
-9409,2047,-89,1797,14415,1712,-1920,1,-3062,2154,-197,743,walk,,,
-4880,4529,5511,5600,15448,1033,-1921,1,-5677,2615,-465,268,walk,,,
-7123,2243,-351,5862,10123,5325,-1897,24,-3630,2047,821,1286,walk,,,
-11059,3936,715,1066,19172,9049,-1914,17,-4402,772,1286,465,walk,,,
-7045,4014,2281,1566,12317,6855,-1915,1,834,5236,-919,2205,walk,AgY,AcX,AcY
-6512,533,298,1983,13269,952,-1920,5,-2877,3711,-502,417,walk,2785.129278,1689.984791,1819.992395
1220,1220,15513,15513,5254,5254,-2351,2351,-244,244,72,72,inclinar,,,
1220,0,15503,10,5267,13,-2348,3,-211,33,84,12,inclinar,,,
1221,1,15527,24,5214,53,-2346,2,-221,10,159,75,inclinar,,,
1287,66,15344,183,5224,10,-2321,25,-222,1,219,60,inclinar,,,
1177,110,15358,14,5200,24,-2317,4,-216,6,167,52,inclinar,,,
1168,9,15519,161,5249,49,-2339,22,-250,34,-33,200,inclinar,,,
1191,23,15522,3,5247,2,-2341,2,-239,11,-61,28,inclinar,,,
1151,40,15528,6,5229,18,-2337,4,-268,29,53,114,inclinar,,,
1217,66,15479,49,5303,74,-2335,2,-205,63,87,34,inclinar,,,
1097,120,15551,72,5261,42,-2333,2,-197,8,-72,159,inclinar,,,
1100,28,15521,8,5254,30,-2334,4,-246,34,39,192,inclinar,,,
1185,85,15512,9,5275,21,-2332,2,-241,5,115,76,inclinar,,,
1134,51,15499,13,5251,24,-2329,3,-157,84,150,35,inclinar,,,
1153,19,15476,23,5271,20,-2329,0,-231,74,48,102,inclinar,,,
1112,41,15529,53,5235,36,-2328,1,-244,13,-8,56,inclinar,,,
1001,278,15581,98,5152,31,-2326,2,-632,749,-382,123,inclinar,,,
645,356,15526,55,5113,39,-2325,1,-288,344,-618,236,inclinar,,,
1021,376,15291,235,4601,512,-2324,1,817,1105,-1335,717,inclinar,,,
1481,460,15561,270,4085,516,-2322,2,3253,2436,-887,448,inclinar,,,
1132,349,15830,269,2560,1525,-2320,2,1657,1596,-765,122,inclinar,,,
1943,811,16064,234,1488,1072,-2318,2,2936,1279,177,942,inc,,,
2286,343,16277,213,205,1283,-2320,2,1989,947,-142,319,inclinar,,,
2681,395,17270,993,-524,729,-2317,3,1491,498,847,989,inclinar,,,
2124,557,16590,680,-829,305,-2319,2,-398,1889,908,61,inclinar,,,
2041,83,16544,46,-526,303,-2317,2,-2064,1666,316,592,inclinar,,,
1548,493,16742,198,496,1022,-2316,1,-3064,1000,-114,430,inclinar,,,
624,924,17031,289,3001,2505,-2312,4,-5995,2931,227,341,inclinar,,,
-794,1418,15453,1578,6008,3007,-2313,1,-7553,1558,506,279,inclinar,,,
-1788,994,13595,1858,8919,2911,-2310,3,-8707,1154,-60,566,inclinar,,,
-2822,1034,10879,2716,12099,3180,-2308,2,-9233,526,-251,191,inclinar,,,
-3840,1018,74,3478,12823,724,-2307,1,-8951,282,1339,1590,inclinar,,,
-4658,818,4295,3106,14824,2001,-2306,1,-5064,3887,1175,164,inclinar,,,
-5291,633,2166,2129,14932,108,-2308,2,-4544,520,694,481,inclinar,,,
-5485,194,686,1480,15332,400,-2306,2,-1346,3198,46,648,inclinar,,,
-5306,179,225,461,15374,42,-2306,0,396,1742,-172,218,inclinar,,,
-5335,29,1187,962,15202,172,-2303,3,2865,2469,167,339,inclinar,,,
-5499,164,2871,1684,15083,119,-2302,1,3686,821,433,266,inclinar,,,
-5190,309,4923,2052,14553,530,-2305,3,5192,1506,205,228,inclinar,,,
-4838,352,8014,3091,13082,1471,-2303,2,6906,1714,-232,437,inclinar,,,
-4032,806,10654,2640,11627,1455,-2297,6,6511,395,-521,289,inclinar,,,
-3255,777,13076,2422,8897,2730,-2276,21,7531,1020,-36,485,inclinar,,,
-1067,2188,15208,2132,6202,2695,-2300,24,7023,508,-659,623,inclinar,,,
-245,822,16523,1315,3061,3141,-2298,2,5004,2019,-64,595,inclinar,,,
855,1100,16680,157,2280,781,-2299,1,3903,1101,-206,142,inclinar,,,
352,503,16218,462,-480,2760,-2297,2,3135,768,314,520,inclinar,,,
1071,719,16623,405,-1198,718,-2297,0,1971,1164,1118,804,inclinar,,,
1433,362,16668,45,-2498,1300,-2293,4,958,1013,225,893,inclinar,,,
1166,267,16702,34,-2148,350,-2292,1,-1072,2030,-87,312,inclinar,,,
1106,60,17118,416,-1593,555,-2290,2,-4054,2982,62,149,inclinar,,,
129,977,16765,353,786,2379,-2290,0,-6035,1981,179,117,inclinar,,,
-1497,1626,16327,438,3998,3212,-2283,7,-7617,1582,-5,184,inclinar,,,
-2090,593,14683,1644,7369,3371,-2286,3,-8124,507,-378,373,inclinar,,,
-3457,1367,12267,2416,10273,2904,-2284,2,-7410,714,-868,490,inclinar,,,
-3991,534,9408,2859,11296,1023,-2282,2,-8452,1042,362,1230,inclinar,,,
-5085,1094,6541,2867,13730,2434,-2285,3,-5701,2751,869,507,inclinar,,,
-5488,403,4599,1942,14566,836,-2280,5,-4447,1254,565,304,inclinar,,,
-5620,132,3193,1406,14847,281,-2281,1,-2875,1572,53,512,inclinar,,,
-5705,85,1962,1231,15122,275,-2280,1,-3327,452,-85,138,inclinar,,,
-5563,142,463,1499,15411,289,-2278,2,-3887,560,112,197,inclinar,,,
-5617,54,-1351,1814,15095,316,-2278,0,-3266,621,-9,121,inclinar,,,
-5833,216,-2789,1438,15578,483,-2276,2,-925,2341,  ,119,inclinar,,,
-5586,247,-2495,294,15298,280,-2275,1,1227,2152,245,135,inclinar,,,
-5576,10,-1448,1047,15214,84,-2273,2,2283,1056,112,133,inclinar,,,
-5548,28,25,1473,15137,77,-2275,2,2547,264,212,100,inclinar,,,
-5753,205,1754,1729,15013,124,-2271,4,3699,1152,28,184,inclinar,,,
-5987,234,3386,1632,15583,570,-2271,0,4395,696,274,246,inclinar,,,
-5607,380,6193,2807,13364,2219,-2270,1,4601,206,668,394,inclinar,,,
-5074,533,8057,1864,12563,801,-2269,1,5913,1312,-139,807,inclinar,,,
-4052,1022,11239,3182,11683,880,-2268,1,7421,1508,-24,115,inclinar,,,
-2795,1257,12900,1661,8182,3501,-2263,5,4711,2710,600,624,inclinar,,,
-2104,691,15053,2153,7056,1126,-2267,4,6266,1555,452,148,inclinar,,,
-31,2073,15981,928,4783,2273,-2265,2,2214,4052,-492,944,inclinar,,,
744,775,16278,297,2256,2527,-2261,4,4810,2596,-426,66,inclinar,,,
1504,76,16710,432,921,1335,-2260,1,3334,1476,570,996,inclinar,,,
1578,74,16850,140,-424,1345,-2265,5,1862,1472,746,176,inclinar,,,
1325,253,17011,161,-1081,657,-2262,3,320,1542,451,295,inclinar,,,
1269,56,16610,401,-995,86,-2259,3,-1076,1396,431,20,inclinar,,,
1066,203,16612,2,-287,708,-2262,3,-1978,902,114,317,inclinar,,,
646,420,16326,286,428,715,-2264,2,-2493,515,-224,338,inclinar,,,
215,431,16462,136, 1558 1130 ,-2261,3,-2543,50,-376,152,,,,,
-492,707,16267,195,3229,1671,-2256,5,-3857,1314,-225,151,inclinar,,,
-1287,795,15624,643,4543,1314,-2237,19,-3791,66,7,232,inclinar,,,
-2415,1128,15368,256,6893,2350,-2256,19,-4980,1189,96,89,inclinar,,,
-3197,782,13720,1648,8804,1911,-2259,3,-7142,2162,40,56,inclinar,,,
-4150,953,11153,2567,10780,1976,-2258,1,-6268,874,266,226,inclinar,,,
-4878,728,8806,2347,12652,1872,-2254,4,-7326,1058,-283,549,inclinar,,,
-5039,161,5381,3425,13308,656,-2256,2,-6156,1170,-25,258,inclinar,,,
-5848,809,3349,2032,15094,1786,-2262,6,-3056,3100,-507,482,inclinar,,,
-5459,389,2230,1119,15130,36,-2259,3,-3425,369,-440,67,inclinar,,,
-5523,64,779,1451,15288,158,-2255,4,-2936,489,-113,327,inclinar,,,
130,130,16263,16263,2637,2637,-2225,2225,3318,3318,344,344,inclinar,,,
938,808,16686,423,1134,1503,-2219,6,2592,726,177,167,inclinar,,,
1707,769,16708,22,-216,1350,-2220,1,752,1840,163,14,inclinar,,,
2353,646,16804,96,57,273,-2212,8,431,321,500,337,inclinar,,,
2401,48,16443,361,-849,906,-2213,1,108,323,  ,13,inclinar,,,
2390,11,16923,480,-358,491,-2212,1,-857,965,474,13,inclinar,,,
2201,189,16552,371,-226,132,-2209,3,-1807,950,422,52,inclinar,,,
1396,805,16633,81,848,1074,-2210,1,-2635,828,79,343,inclinar,,,
-562,1391,15878,869,4366,2013,-2206,2,-5281,1409,0,145,inclinar,,,
-1532,970,15041,837,7080,2714,-2209,3,-6255,974,146,146,inclinar,,,
-2940,1408,13167,1874,9250,2170,-2211,2,-6958,703,85,61,inclinar,,,
-4052,1112,10439,2728,11423,2173,-2207,4,-8262,1304,-122,207,inclinar,,,
-4818,766,7445,2994,13191,1768,-2206,1,-7087,1175,-100,22,inclinar,,,
-5392,574,4538,2907,14472,1281,-2206,0,-5021,2066,545,645,inclinar,,,
-6009,617,2495,2043,14459,13,-2205,1,-4351,670,823,278,inclinar,,,
-6143,134,550,1945,15200,741,-2204,1,-3994,357,132,691,inclinar,,,
-6113,30,-1052,1602,14958,242,-2205,1,-2848,1146,-73,205,inclinar,,,
-6021,92,-1826,774,15084,126,-2203,2,-451,2397,-284,211,inclinar,,,
-5872,149,-968,858,15298,214,-2202,1,2429,2880,105,389,inclinar,,,
-6192,320,414,1382,15105,193,-2202,0,2879,450,488,383,inclinar,,,
-6376,184,1607,1193,14799,306,-2200,2,3159,280,190,298,inclinar,,,
-5463,913,3634,2027,14331,468,-2200,0,5045,1886,-936,1126,inclinar,,,
-4623,840,6393,2759,13115,1216,-2199,1,9433,4388,-1632,696,inclinar,,,
-1979,2048,13907,2796,7761,4028,-2179,23,6869,3275,-631,43,inclinar,,,
-503,1476,15811,1904,5536,2225,-2197,18,6995,126,-886,255,inclinar,,,
727,1230,16487,676,2619,2917,-2200,3,6840,155,-1114,228,inclinar,,,
2373,1646,17356,869,139,2480,-2200,0,3641,3199,-1639,525,inclinar,,,
2666,293,16665,691,-1361,1500,-2196,4,38,3603,-425,1214,inclinar,,,
3303,637,16484,181,-1777,416,-2195,1,896,858,-1057,632,inclinar,,,
2848,455,16200,284,-1772,5,-2196,1,-727,1623,-42,1015,inclinar,,,
3276,428,15859,341,-1888,116,-2197,1,-572,155,472,514,inclinar,,,
3128,148,16134,275,-1671,217,-2196,1,79,651,581,109,inclinar,,,
3186,58,16393,259,-1448,223,-2192,4,-1115,1194,834,253,inclinar,,,
2872,314,16197,196,-987,461,-2194,2,-1695,580,1128,294,inclinar,,,
2541,331,15503,694,-752,235,-2193,1,-355,1340,955,173,inclinar,,,
2333,208,16011,508,-901,149,-2190,3,1897,2252,540,415,inclinar,,,
2673,340,17013,1002,-1283,382,-2193,3,1361,536,231,309,inclinar,,,
2455,218,17110,97,-1313,30,-2188,5,-2564,3925,129,102,inclinar,,,
2147,308,16530,580,-356,957,-2191,3,-4227,1663,520,391,inclinar,,,
995,1152,16441,89,1803,2159,-2188,3,-3985,242,1036,516,inclinar,,,
-37,1032,16191,250,4100,2297,-2165,23,-5957,1972,1002,34,inclinar,,,
-1541,1504,15107,1084,6652,2552,-2185,20,-6839,882,1097,95,inclinar,,,
,1689.984791,,1819.992395,,,,,,2785.129278,,,,,,
,#NOME?,,69.48333333,,,,,,,,,,,,
,,,37521,,,,,,,,,,,,
,,,73.14602588,,,,,,,,,,,,
