 DistFront, DistDow, DistUp,classe,,,,
115.12,117.93,142.74,obstaculo_rateiro,0,,,
111.53,113.81,140.03,obstaculo_rateiro,0,,,
115.2,117.21,142.7,obstaculo_rateiro,0,,,
117.67,120.1,143.71,obstaculo_rateiro,0,,,
118.23,120.97,125.63,obstaculo_rateiro,0,,,
116.9,118.96,120.78,obstaculo_rateiro,0,,,
116.67,120.85,121.84,obstaculo_rateiro,0,,,
117.11,120.9,145.02,obstaculo_rateiro,0,,,
118.16,120.56,122.62,obstaculo_rateiro,0,,,
117.09,120.05,122.19,obstaculo_rateiro,0,,,
117.06,118.98,121.73,obstaculo_rateiro,0,,,
118.04,120.82,123.49,obstaculo_rateiro,0,,,
117.11,120.31,120.49,obstaculo_rateiro,0,,,
116.39,119.69,122.04,obstaculo_rateiro,0,,,
83.74,87.74,113.95,obstaculo_rateiro,0,,,
84.74,88.55,115.05,obstaculo_rateiro,0,,,
84.34,87.7,114.91,obstaculo_rateiro,0,,,
83.98,87.76,114.25,obstaculo_rateiro,0,,,
83.13,86.11,113.33,obstaculo_rateiro,0,,,
83.18,87.47,115.32,obstaculo_rateiro,0,,,
82.57,87.16,113.33,obstaculo_rateiro,0,,,
82.93,87.09,113.49,obstaculo_rateiro,0,,,
82.69,86.85,115.14,obstaculo_rateiro,0,,,
84.81,88.71,116.11,obstaculo_rateiro,0,,,
82.62,87.26,115.14,obstaculo_rateiro,0,,,
82.33,86.11,113.59,obstaculo_rateiro,0,,,
82.04,86.31,114.39,obstaculo_rateiro,0,,,
83.04,86.45,113.83,obstaculo_rateiro,0,,,
83.13,87.81,114.83,obstaculo_rateiro,0,,,
83.03,86.02,114.76,obstaculo_rateiro,0,,,
82.74,85.73,113.95,obstaculo_rateiro,0,,,
92.84,92.64,112.62,obstaculo_rateiro,0,,,
88.89,107.04,457.38,obstaculo_rateiro,0,,,
85.49,107.55,324.68,obstaculo_rateiro,0,,,
89.18,105.73,313.38,obstaculo_rateiro,0,,,
85.63,106.8,456.34,obstaculo_rateiro,0,,,
90.34,103.03,456.38,obstaculo_rateiro,0,,,
84.74,89.35,457.35,obstaculo_rateiro,0,,,
88.54,98.1,107.76,obstaculo_rateiro,0,,,
101.26,104.88,131.19,obstaculo_rateiro,0,,,
112.67,112.91,120.27,obstaculo_rateiro,0,,,
110.77,52.04,252.82,obstaculo_rateiro,0,,,
81.67,100.54,123.45,obstaculo_rateiro,0,,,
82.48,100.43,123.32,obstaculo_rateiro,0,,,
81.92,104.88,120.41,obstaculo_rateiro,0,,,
77.33,93.81,104.71,obstaculo_rateiro,0,,,
75.9,78.33,100.95,obstaculo_rateiro,0,,,
75.97,80.19,101.5,obstaculo_rateiro,0,,,
75.92,78.32,101.04,obstaculo_rateiro,0,,,
86.8,89.54,310.43,obstaculo_rateiro,0,,,
96.46,93.42,276.09,obstaculo_rateiro,0,,,
95.02,93.62,276.67,obstaculo_rateiro,0,,,
114,118.42,147.99,obstaculo_rateiro,0,,,
200.46,231.33,167.06,obstaculo_suspenso,1,,,
198.38,232.06,120.14,obstaculo_suspenso,1,,,
195.95,226.77,123.88,obstaculo_suspenso,1,,,
182.99,220.02,76.31,obstaculo_suspenso,1,,,
198.61,233.81,79.25,obstaculo_suspenso,1,,,
83.35,116.28,79.25,obstaculo_suspenso,1,,,
77.74,119.95,84.88,obstaculo_suspenso,1,,,
79.18,160.03,79.78,obstaculo_suspenso,1,,,
91.21,193.67,85.14,obstaculo_suspenso,1,,,
100.37,111.77,94.12,obstaculo_suspenso,1,,,
97.77,194.52,96.31,obstaculo_suspenso,1,,,
101.21,149.18,94.34,obstaculo_suspenso,1,,,
102.38,148.47,96.33,obstaculo_suspenso,1,,,
100.83,112.6,94.61,obstaculo_suspenso,1,,,
93.4,161.89,94.9,obstaculo_suspenso,1,,,
86.7,159.71,79.76,obstaculo_suspenso,1,,,
196.21,230.14,65.85,obstaculo_suspenso,1,,,
59.13,124.25,52.62,obstaculo_suspenso,1,,,
170.82,163.67,43.71,obstaculo_suspenso,1,,,
166.7,169.97,41.41,obstaculo_suspenso,1,,,
170.14,164.13,41.11,obstaculo_suspenso,1,,,
171.6,206.97,41.9,obstaculo_suspenso,1,,,
169.25,170.78,41.14,obstaculo_suspenso,1,,,
169.1,206.89,43.62,obstaculo_suspenso,1,,,
171.28,218.45,58.96,obstaculo_suspenso,1,,,
47.4,116.14,60.7,obstaculo_suspenso,1,,,
168.67,212.41,41.9,obstaculo_suspenso,1,,,
169.61,177.89,58.98,obstaculo_suspenso,1,,,
60.73,161.46,135.46,obstaculo_suspenso,1,,,
59.95,161.39,138.61,obstaculo_suspenso,1,,,
60.48,161.9,75.24,obstaculo_suspenso,1,,,
61.09,160.19,192.41,obstaculo_suspenso,1,,,
60.12,116.11,74.4,obstaculo_suspenso,1,,,
61.17,114.71,61.48,obstaculo_suspenso,1,,,
66.9,114.35,62.55,obstaculo_suspenso,1,,,
196.31,228.67,82.02,obstaculo_suspenso,1,,,
87.38,153.25,110.26,obstaculo_suspenso,1,,,
99.03,153.42,100.24,obstaculo_suspenso,1,,,
56.7,118.62,56.46,obstaculo_suspenso,1,,,
178.52,209.3,47.7,obstaculo_suspenso,1,,,
170.31,205.2,41.34,obstaculo_suspenso,1,,,
172.47,215.07,42.82,obstaculo_suspenso,1,,,
172.62,212.98,43.91,obstaculo_suspenso,1,,,
52.47,149.42,43.89,obstaculo_suspenso,1,,,
169.68,261.26,41.6,obstaculo_suspenso,1,,,
179.27,206.75,43.38,obstaculo_suspenso,1,,,
51.38,154.13,64.95,obstaculo_suspenso,1,,,
56.33,135.77,67.91,obstaculo_suspenso,1,,,
176.14,265.92,68.18,obstaculo_suspenso,1,,,
177.89,214.12,66.17,obstaculo_suspenso,1,,,
176.33,264.85,48.89,obstaculo_suspenso,1,,,
176.9,216.73,52.21,obstaculo_suspenso,1,,,
176.14,212.24,49.71,obstaculo_suspenso,1,,,
175.63,268.59,48.81,obstaculo_suspenso,1,,,
176.19,164.06,68.71,obstaculo_suspenso,1,,,
176.31,161.84,47.69,obstaculo_suspenso,1,,,
179.12,220.61,66.41,obstaculo_suspenso,1,,,
132.4,130.26,44.34,obstaculo_suspenso,1,,,
112.55,110.07,44.03,obstaculo_suspenso,1,,,
103.98,128.91,40.82,obstaculo_suspenso,1,,,
102.77,128.96,41.41,obstaculo_suspenso,1,,,
131.63,109.91,42.31,obstaculo_suspenso,1,,,
104.05,77.47,105.19,obstaculo_suspenso,1,,,
102.45,73.84,108.84,obstaculo_suspenso,1,,,
106.62,74.56,129.18,obstaculo_suspenso,1,,,
104.18,72.69,250.97,obstaculo_suspenso,1,,,
105.19,77.11,105.92,obstaculo_suspenso,1,,,
103.84,80.24,129.35,obstaculo_suspenso,1,,,
105.43,109.18,98.06,obstaculo_suspenso,1,,,
74.25,100.19,35.56,obstaculo_suspenso,1,,,
130.6,111.77,36.73,obstaculo_suspenso,1,,,
133.23,129.25,41.39,obstaculo_suspenso,1,,,
105.19,95.32,41.24,obstaculo_suspenso,1,,,
84.98,73.35,46.9,obstaculo_suspenso,1,,,
145.7,134.32,234.69,obstaculo_suspenso,1,,,
80.85,73.4,146.89,obstaculo_suspenso,1,,,
103.35,95.61,105.92,obstaculo_suspenso,1,,,
149.32,107.38,231.75,obstaculo_suspenso,1,,,
104.52,138.28,78.35,obstaculo_suspenso,1,,,
75.07,122.09,66.67,obstaculo_suspenso,1,,,
115.97,119.1,54.81,obstaculo_suspenso,1,,,
116.38,121.48,60.07,obstaculo_suspenso,1,,,
118.78,122.18,62.35,obstaculo_suspenso,1,,,
115.46,117.57,54.69,obstaculo_suspenso,1,,,
116.8,121.55,63.64,obstaculo_suspenso,1,,,
116.31,162.77,82.41,obstaculo_suspenso,1,,,
116.02,122.38,58.42,obstaculo_suspenso,1,,,
222.96,227.45,232.26,not obstacle,2,,,
223.13,233.35,230.46,not obstacle,2,,,
223.91,229.9,228.83, not obstacle,2,,,
223.13,231.33,230.54, not obstacle,2,,,
224.05,226.67,231.77, not obstacle,2,,,
204.03,216.5,242.35, not obstacle,2,,,
216.73,231.38,224.17, not obstacle,2,,,
223.91,229.9,228.83, not obstacle,2,,,
223.13,231.33,230.54, not obstacle,2,,,
224.05,226.67,231.77, not obstacle,2,,,
225.7,234.66,231.75, not obstacle,2,,,
223.18,231.34,228.54, not obstacle,2,,,
224.4,230.88,229.3, not obstacle,2,,,
224.4,233.83,230.95, not obstacle,2,,,
225.27,224.1,230.66, not obstacle,2,,,
225.05,223.84,229.59, not obstacle,2,,,
223.54,226.28,231.62, not obstacle,2,,,
221.84,226.11,239.39, not obstacle,2,,,
248.32,250.41,259.23, not obstacle,2,,,
246.28,249.9,259.61, not obstacle,2,,,
