, DistFront, 3301.77, DistDow, 275.24, DistUp, 118.61
, DistFront, 115.73, DistDow, 313.62, DistUp, 113.45
, DistFront, 116.85, DistDow, 312.09, DistUp, 113.55
, DistFront, 114.34, DistDow, 318.67, DistUp, 113.89
, DistFront, 116.33, DistDow, 3239.95, DistUp, 112.09
, DistFront, 114.71, DistDow, 3229.85, DistUp, 113.04
, DistFront, 115.31, DistDow, 3233.33, DistUp, 113.11
, DistFront, 114.20, DistDow, 313.71, DistUp, 113.61
, DistFront, 115.88, DistDow, 3273.91, DistUp, 112.33
, DistFront, 114.05, DistDow, 315.41, DistUp, 112.41
, DistFront, 114.56, DistDow, 315.02, DistUp, 114.85
, DistFront, 114.66, DistDow, 3263.27, DistUp, 112.57
, DistFront, 115.31, DistDow, 3245.95, DistUp, 113.27
, DistFront, 114.71, DistDow, 3223.35, DistUp, 113.33
, DistFront, 115.61, DistDow, 3253.88, DistUp, 113.35
, DistFront, 115.77, DistDow, 313.81, DistUp, 113.59
, DistFront, 114.42, DistDow, 3250.10, DistUp, 114.03
, DistFront, 115.17, DistDow, 3266.05, DistUp, 112.45
, DistFront, 114.61, DistDow, 3228.38, DistUp, 114.32
, DistFront, 114.81, DistDow, 312.57, DistUp, 114.17
, DistFrontMean, 115.70, DistDowMean, 3251.68, DistUpMean, 113.84
, DistFront, 115.61, DistDow, 3223.13, DistUp, 113.23
, DistFront, 115.14, DistDow, 3236.63, DistUp, 115.20
, DistFront, 114.25, DistDow, 314.85, DistUp, 113.54
, DistFront, 115.83, DistDow, 313.13, DistUp, 114.23
, DistFront, 115.10, DistDow, 314.34, DistUp, 114.42
, DistFront, 115.78, DistDow, 3218.04, DistUp, 114.00
, DistFront, 118.54, DistDow, 309.85, DistUp, 115.19
, DistFront, 116.04, DistDow, 3227.52, DistUp, 115.66
, DistFront, 118.35, DistDow, 3248.25, DistUp, 113.59
, DistFront, 115.34, DistDow, 3257.11, DistUp, 113.45
, DistFront, 114.30, DistDow, 3273.74, DistUp, 113.45
, DistFront, 114.56, DistDow, 3249.76, DistUp, 113.96
, DistFront, 117.47, DistDow, 3279.06, DistUp, 113.64
, DistFront, 115.12, DistDow, 314.46, DistUp, 115.70
, DistFront, 115.68, DistDow, 314.25, DistUp, 113.95
, DistFront, 114.63, DistDow, 3246.33, DistUp, 114.25
, DistFront, 115.41, DistDow, 312.57, DistUp, 114.59
, DistFront, 114.74, DistDow, 3224.39, DistUp, 113.04
, DistFront, 115.19, DistDow, 3289.63, DistUp, 113.96
, DistFront, 116.04, DistDow, 3265.37, DistUp, 114.13
, DistFrontMean, 118.54, DistDowMean, 3228.18, DistUpMean, 114.03
, DistFront, 118.27, DistDow, 3250.07, DistUp, 114.34
, DistFront, 114.59, DistDow, 313.69, DistUp, 114.68
, DistFront, 115.90, DistDow, 315.88, DistUp, 115.54
, DistFront, 115.07, DistDow, 314.81, DistUp, 112.98
, DistFront, 115.88, DistDow, 313.49, DistUp, 114.78
, DistFront, 117.67, DistDow, 3244.20, DistUp, 114.42
, DistFront, 115.75, DistDow, 3246.02, DistUp, 113.18
, DistFront, 115.66, DistDow, 3263.28, DistUp, 113.96
, DistFront, 116.90, DistDow, 3288.96, DistUp, 113.45
, DistFront, 117.48, DistDow, 3269.40, DistUp, 113.40
, DistFront, 114.63, DistDow, 315.27, DistUp, 114.78
, DistFront, 115.63, DistDow, 3237.53, DistUp, 115.12
, DistFront, 114.13, DistDow, 3277.48, DistUp, 113.55
, DistFront, 114.69, DistDow, 3227.09, DistUp, 114.76
, DistFront, 116.34, DistDow, 3226.60, DistUp, 115.95
, DistFront, 113.98, DistDow, 315.34, DistUp, 114.13
, DistFront, 114.00, DistDow, 315.46, DistUp, 113.32
, DistFront, 114.98, DistDow, 3265.88, DistUp, 113.16
, DistFront, 115.39, DistDow, 3228.69, DistUp, 114.30
, DistFront, 116.24, DistDow, 3266.99, DistUp, 113.25
, DistFrontMean, 114.52, DistDowMean, 107.89, DistUpMean, 113.78
, DistFront, 114.97, DistDow, 3240.82, DistUp, 114.49
, DistFront, 115.82, DistDow, 313.89, DistUp, 112.87
, DistFront, 116.50, DistDow, 3242.69, DistUp, 114.74
, DistFront, 114.54, DistDow, 3277.70, DistUp, 113.69
, DistFront, 115.95, DistDow, 313.32, DistUp, 114.25
, DistFront, 115.54, DistDow, 314.54, DistUp, 116.45
, DistFront, 114.30, DistDow, 315.37, DistUp, 113.78
, DistFront, 115.99, DistDow, 312.41, DistUp, 113.71
, DistFront, 115.10, DistDow, 314.20, DistUp, 113.67
, DistFront, 114.06, DistDow, 3274.00, DistUp, 112.26
, DistFront, 115.41, DistDow, 3236.63, DistUp, 113.67
, DistFront, 114.98, DistDow, 3231.02, DistUp, 113.16
, DistFront, 114.20, DistDow, 3244.03, DistUp, 114.12
, DistFront, 115.63, DistDow, 312.99, DistUp, 113.59
, DistFront, 115.92, DistDow, 3272.33, DistUp, 112.84
, DistFront, 116.89, DistDow, 311.09, DistUp, 114.88
, DistFront, 114.23, DistDow, 3258.10, DistUp, 113.55
, DistFront, 115.10, DistDow, 3277.60, DistUp, 113.20
, DistFront, 116.19, DistDow, 3231.80, DistUp, 114.17
, DistFront, 115.39, DistDow, 313.59, DistUp, 113.03
, DistFrontMean, 115.83, DistDowMean, 3243.54, DistUpMean, 114.05
, DistFront, 114.40, DistDow, 3291.31, DistUp, 113.10
, DistFront, 117.11, DistDow, 3244.39, DistUp, 113.13
, DistFront, 113.74, DistDow, 3255.19, DistUp, 111.99
, DistFront, 114.52, DistDow, 3304.74, DistUp, 112.77
, DistFront, 114.12, DistDow, 315.77, DistUp, 111.55
, DistFront, 113.78, DistDow, 3219.81, DistUp, 112.74
, DistFront, 114.03, DistDow, 3179.74, DistUp, 112.87
, DistFront, 114.40, DistDow, 3277.74, DistUp, 113.69
, DistFront, 115.05, DistDow, 3236.41, DistUp, 113.38
, DistFront, 115.34, DistDow, 3260.43, DistUp, 114.25
, DistFront, 116.39, DistDow, 3234.54, DistUp, 114.10
, DistFront, 116.48, DistDow, 3249.18, DistUp, 115.14
, DistFront, 116.24, DistDow, 3289.06, DistUp, 114.63
, DistFront, 116.19, DistDow, 3259.46, DistUp, 114.90
, DistFront, 119.52, DistDow, 3242.82, DistUp, 113.89
, DistFront, 117.09, DistDow, 3270.78, DistUp, 113.20
, DistFront, 116.04, DistDow, 314.54, DistUp, 114.54
, DistFront, 114.32, DistDow, 3230.43, DistUp, 114.17
, DistFront, 114.34, DistDow, 3263.61, DistUp, 113.10
, DistFront, 113.89, DistDow, 3223.11, DistUp, 114.00
, DistFrontMean, 115.60, DistDowMean, 3252.93, DistUpMean, 113.47
, DistFront, 114.66, DistDow, 3279.98, DistUp, 113.69
, DistFront, 117.28, DistDow, 3288.69, DistUp, 113.69
, DistFront, 114.88, DistDow, 322.74, DistUp, 112.91
, DistFront, 115.54, DistDow, 3250.83, DistUp, 114.39
, DistFront, 115.27, DistDow, 314.76, DistUp, 112.77
, DistFront, 114.90, DistDow, 316.50, DistUp, 113.81
, DistFront, 117.84, DistDow, 3288.04, DistUp, 113.38
, DistFront, 115.27, DistDow, 3247.13, DistUp, 113.74
, DistFront, 115.68, DistDow, 3246.63, DistUp, 115.20
, DistFront, 114.40, DistDow, 3221.19, DistUp, 114.95
, DistFront, 114.30, DistDow, 3249.46, DistUp, 112.98
, DistFront, 114.10, DistDow, 3246.73, DistUp, 113.25
, DistFront, 115.24, DistDow, 3264.88, DistUp, 112.74
, DistFront, 114.63, DistDow, 3235.20, DistUp, 114.40
, DistFront, 114.13, DistDow, 3210.60, DistUp, 113.33
, DistFront, 115.75, DistDow, 3278.27, DistUp, 112.77
, DistFront, 114.88, DistDow, 3256.21, DistUp, 113.38
, DistFront, 116.04, DistDow, 3243.47, DistUp, 114.69
, DistFront, 115.49, DistDow, 3253.74, DistUp, 113.54
, DistFront, 114.74, DistDow, 3269.63, DistUp, 114.42
, DistFrontMean, 116.39, DistDowMean, 3221.31, DistUpMean, 114.83
, DistFront, 114.66, DistDow, 3258.71, DistUp, 113.61
, DistFront, 114.78, DistDow, 313.54, DistUp, 114.56
, DistFront, 115.20, DistDow, 312.67, DistUp, 114.20
, DistFront, 114.27, DistDow, 316.50, DistUp, 114.06
, DistFront, 117.57, DistDow, 3239.06, DistUp, 114.30
, DistFront, 115.37, DistDow, 3269.78, DistUp, 114.39
, DistFront, 114.30, DistDow, 3245.03, DistUp, 114.17
, DistFront, 116.33, DistDow, 3271.48, DistUp, 114.46
, DistFront, 116.48, DistDow, 312.62, DistUp, 114.91
, DistFront, 115.14, DistDow, 313.96, DistUp, 114.03
, DistFront, 115.95, DistDow, 3271.05, DistUp, 114.78
, DistFront, 115.95, DistDow, 3276.38, DistUp, 114.42
, DistFront, 117.91, DistDow, 310.78, DistUp, 115.02
, DistFront, 118.69, DistDow, 3229.81, DistUp, 114.85
, DistFront, 116.34, DistDow, 3259.85, DistUp, 115.32
, DistFront, 115.46, DistDow, 3270.07, DistUp, 114.20
, DistFront, 116.60, DistDow, 3278.45, DistUp, 115.46
, DistFront, 115.31, DistDow, 3254.56, DistUp, 114.46
, DistFront, 114.69, DistDow, 313.03, DistUp, 114.54
, DistFront, 114.85, DistDow, 3251.19, DistUp, 114.78
, DistFrontMean, 115.54, DistDowMean, 3266.97, DistUpMean, 116.50
, DistFront, 118.16, DistDow, 3263.47, DistUp, 115.10
, DistFront, 119.00, DistDow, 3286.26, DistUp, 114.39
, DistFront, 114.85, DistDow, 3274.06, DistUp, 113.98
, DistFront, 116.56, DistDow, 3245.97, DistUp, 113.18
, DistFront, 116.04, DistDow, 3251.50, DistUp, 113.69
, DistFront, 116.11, DistDow, 3232.91, DistUp, 113.74
, DistFront, 115.20, DistDow, 3267.74, DistUp, 114.46
, DistFront, 115.17, DistDow, 3262.91, DistUp, 114.40
, DistFront, 115.02, DistDow, 314.78, DistUp, 113.40
, DistFront, 115.26, DistDow, 313.71, DistUp, 112.82
, DistFront, 117.87, DistDow, 3285.75, DistUp, 114.25
, DistFront, 115.83, DistDow, 3250.70, DistUp, 113.69
, DistFront, 115.78, DistDow, 3245.60, DistUp, 114.10
, DistFront, 116.12, DistDow, 312.70, DistUp, 113.25
, DistFront, 115.26, DistDow, 3272.35, DistUp, 113.84
, DistFront, 114.35, DistDow, 3239.97, DistUp, 113.20
, DistFront, 114.56, DistDow, 317.21, DistUp, 113.42
, DistFront, 114.47, DistDow, 315.56, DistUp, 112.02
, DistFront, 115.83, DistDow, 314.78, DistUp, 113.38
, DistFront, 114.52, DistDow, 3255.61, DistUp, 112.98
, DistFrontMean, 116.80, DistDowMean, 3256.85, DistUpMean, 115.10
, DistFront, 115.92, DistDow, 3234.71, DistUp, 112.91
, DistFront, 116.34, DistDow, 3262.38, DistUp, 113.20
, DistFront, 114.81, DistDow, 313.27, DistUp, 113.76
, DistFront, 118.28, DistDow, 3250.05, DistUp, 115.34
, DistFront, 117.64, DistDow, 3279.49, DistUp, 115.92
, DistFront, 118.11, DistDow, 3252.60, DistUp, 115.73
, DistFront, 117.64, DistDow, 3259.71, DistUp, 116.50
, DistFront, 118.40, DistDow, 3243.42, DistUp, 116.34
, DistFront, 117.45, DistDow, 3265.66, DistUp, 116.55
, DistFront, 117.04, DistDow, 3258.13, DistUp, 115.70
, DistFront, 117.96, DistDow, 3241.97, DistUp, 118.28
, DistFront, 116.41, DistDow, 3248.20, DistUp, 116.04
, DistFront, 116.68, DistDow, 3245.82, DistUp, 116.31
, DistFront, 117.45, DistDow, 3248.32, DistUp, 117.57
, DistFront, 119.56, DistDow, 3238.89, DistUp, 116.60
, DistFront, 118.32, DistDow, 3210.46, DistUp, 119.03
, DistFront, 116.70, DistDow, 3275.61, DistUp, 117.31
, DistFront, 117.96, DistDow, 3279.27, DistUp, 117.77
, DistFront, 116.62, DistDow, 3244.20, DistUp, 117.74
, DistFront, 116.97, DistDow, 3295.39, DistUp, 118.32
, DistFrontMean, 118.18, DistDowMean, 3234.90, DistUpMean, 118.89
, DistFront, 116.73, DistDow, 3261.19, DistUp, 117.06
, DistFront, 117.41, DistDow, 3247.41, DistUp, 118.64
, DistFront, 116.62, DistDow, 3259.40, DistUp, 120.82
, DistFront, 116.26, DistDow, 3265.70, DistUp, 120.63
, DistFront, 117.76, DistDow, 3263.03, DistUp, 118.76
, DistFront, 115.78, DistDow, 119.81, DistUp, 116.56
, DistFront, 116.02, DistDow, 3253.16, DistUp, 117.53
, DistFront, 115.66, DistDow, 3274.95, DistUp, 117.24
, DistFront, 116.26, DistDow, 3269.98, DistUp, 114.83
, DistFront, 116.02, DistDow, 119.49, DistUp, 115.03
, DistFront, 115.26, DistDow, 3223.35, DistUp, 114.78
, DistFront, 116.26, DistDow, 3267.52, DistUp, 116.45
, DistFront, 116.34, DistDow, 3261.80, DistUp, 115.63
, DistFront, 120.63, DistDow, 3266.33, DistUp, 116.12
, DistFront, 117.87, DistDow, 3258.04, DistUp, 117.70
, DistFront, 120.39, DistDow, 3264.85, DistUp, 116.67
, DistFront, 118.32, DistDow, 3238.23, DistUp, 116.46
, DistFront, 116.89, DistDow, 3275.54, DistUp, 116.82
, DistFront, 117.91, DistDow, 3296.60, DistUp, 116.85
, DistFront, 4.06, DistDow, 3275.63, DistUp, 116.96
, DistFrontMean, 117.41, DistDowMean, 3247.45, DistUpMean, 115.46
, DistFront, 115.82, DistDow, 3245.83, DistUp, 116.55
, DistFront, 115.34, DistDow, 3195.03, DistUp, 114.69
, DistFront, 115.56, DistDow, 3263.96, DistUp, 116.21
, DistFront, 115.41, DistDow, 3296.67, DistUp, 114.78
, DistFront, 116.68, DistDow, 3274.20, DistUp, 116.17
, DistFront, 119.13, DistDow, 3240.20, DistUp, 115.61
, DistFront, 115.46, DistDow, 3272.02, DistUp, 115.46
, DistFront, 115.70, DistDow, 3236.48, DistUp, 115.17
, DistFront, 116.77, DistDow, 3246.02, DistUp, 114.68
, DistFront, 116.82, DistDow, 3279.30, DistUp, 115.14
, DistFront, 117.33, DistDow, 3275.85, DistUp, 114.98
, DistFront, 115.68, DistDow, 3260.31, DistUp, 114.66
, DistFront, 115.17, DistDow, 3297.48, DistUp, 114.76
, DistFront, 115.75, DistDow, 3215.43, DistUp, 114.76
, DistFront, 115.90, DistDow, 3270.17, DistUp, 116.56
, DistFront, 116.21, DistDow, 3230.63, DistUp, 115.90
, DistFront, 115.02, DistDow, 3257.64, DistUp, 114.85
, DistFront, 116.62, DistDow, 3256.82, DistUp, 114.59
, DistFront, 115.83, DistDow, 311.55, DistUp, 114.59
, DistFront, 118.35, DistDow, 3253.71, DistUp, 114.66
, DistFrontMean, 115.83, DistDowMean, 3234.35, DistUpMean, 115.02
, DistFront, 116.92, DistDow, 3239.76, DistUp, 115.14
, DistFront, 118.55, DistDow, 309.78, DistUp, 114.88
, DistFront, 115.37, DistDow, 3274.74, DistUp, 115.99
, DistFront, 116.85, DistDow, 3252.02, DistUp, 115.19
, DistFront, 115.82, DistDow, 3264.18, DistUp, 115.24
, DistFront, 116.56, DistDow, 3221.68, DistUp, 115.68
, DistFront, 116.70, DistDow, 3267.69, DistUp, 115.66
, DistFront, 118.16, DistDow, 3252.91, DistUp, 115.46
, DistFront, 116.55, DistDow, 3271.05, DistUp, 115.56
, DistFront, 115.12, DistDow, 3250.20, DistUp, 115.77
, DistFront, 118.11, DistDow, 3283.20, DistUp, 118.16
, DistFront, 116.21, DistDow, 3275.12, DistUp, 115.31
, DistFront, 116.02, DistDow, 3238.78, DistUp, 116.50
, DistFront, 117.62, DistDow, 3261.70, DistUp, 116.17
, DistFront, 115.82, DistDow, 3226.14, DistUp, 116.63
, DistFront, 116.48, DistDow, 3242.18, DistUp, 116.28
, DistFront, 115.82, DistDow, 3250.56, DistUp, 115.60
, DistFront, 117.04, DistDow, 3248.95, DistUp, 114.88
, DistFront, 116.56, DistDow, 3222.18, DistUp, 114.52
, DistFront, 114.61, DistDow, 316.11, DistUp, 114.35
, DistFrontMean, 116.26, DistDowMean, 3298.89, DistUpMean, 114.03
, DistFront, 117.28, DistDow, 3235.78, DistUp, 115.49
, DistFront, 115.92, DistDow, 3262.69, DistUp, 115.10
, DistFront, 115.56, DistDow, 3201.24, DistUp, 115.48
, DistFront, 115.77, DistDow, 3258.18, DistUp, 114.63
, DistFront, 115.97, DistDow, 3288.25, DistUp, 118.27
, DistFront, 117.06, DistDow, 3282.93, DistUp, 115.78
, DistFront, 115.68, DistDow, 314.00, DistUp, 116.73
, DistFront, 115.49, DistDow, 3240.12, DistUp, 115.34
, DistFront, 116.34, DistDow, 312.93, DistUp, 115.66
, DistFront, 115.53, DistDow, 3281.48, DistUp, 114.42
, DistFront, 117.81, DistDow, 311.70, DistUp, 115.46
, DistFront, 115.10, DistDow, 3264.13, DistUp, 114.91
, DistFront, 115.37, DistDow, 3282.60, DistUp, 114.27
, DistFront, 114.83, DistDow, 3266.12, DistUp, 115.24
, DistFront, 114.47, DistDow, 3267.76, DistUp, 113.42
, DistFront, 114.59, DistDow, 3245.77, DistUp, 114.27
, DistFront, 115.37, DistDow, 3248.20, DistUp, 113.91
, DistFront, 115.82, DistDow, 3260.95, DistUp, 113.91
, DistFront, 115.24, DistDow, 3254.61, DistUp, 114.35
, DistFront, 114.90, DistDow, 3268.38, DistUp, 116.45
, DistFrontMean, 116.26, DistDowMean, 3248.95, DistUpMean, 113.69
, DistFront, 114.42, DistDow, 3239.00, DistUp, 113.20
, DistFront, 115.60, DistDow, 312.45, DistUp, 114.54
, DistFront, 113.88, DistDow, 314.98, DistUp, 113.23
, DistFront, 116.56, DistDow, 3269.12, DistUp, 113.49
, DistFront, 114.63, DistDow, 3262.04, DistUp, 113.54
, DistFront, 116.38, DistDow, 3242.33, DistUp, 113.49
, DistFront, 115.49, DistDow, 3281.21, DistUp, 113.78
, DistFront, 115.66, DistDow, 3249.10, DistUp, 113.78
, DistFront, 114.81, DistDow, 3252.87, DistUp, 113.54
, DistFront, 114.32, DistDow, 314.59, DistUp, 115.27
, DistFront, 114.83, DistDow, 3270.68, DistUp, 114.49
, DistFront, 116.77, DistDow, 3249.61, DistUp, 114.34
, DistFront, 114.17, DistDow, 3249.59, DistUp, 115.07
, DistFront, 118.67, DistDow, 3257.40, DistUp, 114.23
, DistFront, 114.63, DistDow, 313.35, DistUp, 115.48
, DistFront, 115.24, DistDow, 3270.46, DistUp, 114.78
, DistFront, 116.17, DistDow, 3230.48, DistUp, 114.13
, DistFront, 115.26, DistDow, 3217.04, DistUp, 114.66
, DistFront, 114.30, DistDow, 3255.41, DistUp, 113.59
, DistFront, 114.68, DistDow, 3243.67, DistUp, 113.62
, DistFrontMean, 115.63, DistDowMean, 3253.04, DistUpMean, 114.54
, DistFront, 115.27, DistDow, 3240.82, DistUp, 114.18
, DistFront, 117.60, DistDow, 3251.02, DistUp, 113.81
, DistFront, 118.28, DistDow, 3229.06, DistUp, 114.34
, DistFront, 116.70, DistDow, 3244.18, DistUp, 114.30
, DistFront, 117.74, DistDow, 311.50, DistUp, 113.69
, DistFront, 115.88, DistDow, 3241.80, DistUp, 114.20
, DistFront, 115.31, DistDow, 3240.85, DistUp, 114.20
, DistFront, 114.61, DistDow, 3247.55, DistUp, 114.20
, DistFront, 115.92, DistDow, 3241.99, DistUp, 115.46
, DistFront, 116.19, DistDow, 312.77, DistUp, 113.83
, DistFront, 117.21, DistDow, 3248.91, DistUp, 114.46
, DistFront, 116.04, DistDow, 3249.18, DistUp, 113.89
, DistFront, 115.78, DistDow, 3251.48, DistUp, 114.69
, DistFront, 115.60, DistDow, 3251.99, DistUp, 115.34
, DistFront, 116.09, DistDow, 3261.21, DistUp, 114.69
, DistFront, 115.95, DistDow, 3243.40, DistUp, 114.42
, DistFront, 116.21, DistDow, 3219.03, DistUp, 115.19
, DistFront, 117.02, DistDow, 3273.91, DistUp, 114.30
, DistFront, 118.18, DistDow, 3229.88, DistUp, 115.43
, DistFront, 116.24, DistDow, 3276.90, DistUp, 115.05
, DistFrontMean, 116.14, DistDowMean, 3249.81, DistUpMean, 115.73
, DistFront, 115.99, DistDow, 3258.40, DistUp, 114.74
, DistFront, 115.31, DistDow, 3231.33, DistUp, 114.85
, DistFront, 115.88, DistDow, 313.49, DistUp, 115.54
, DistFront, 117.52, DistDow, 3281.41, DistUp, 114.25
, DistFront, 116.04, DistDow, 3264.98, DistUp, 115.05
, DistFront, 116.24, DistDow, 311.99, DistUp, 114.18
, DistFront, 115.34, DistDow, 3229.20, DistUp, 114.49
, DistFront, 116.99, DistDow, 3256.48, DistUp, 114.78
, DistFront, 116.31, DistDow, 3214.00, DistUp, 112.93
, DistFront, 115.83, DistDow, 3270.10, DistUp, 113.04
, DistFront, 116.17, DistDow, 3262.48, DistUp, 114.12
, DistFront, 115.03, DistDow, 3266.04, DistUp, 114.25
, DistFront, 116.53, DistDow, 3267.96, DistUp, 115.34
, DistFront, 115.88, DistDow, 3248.49, DistUp, 114.74
, DistFront, 114.71, DistDow, 3238.52, DistUp, 114.49
, DistFront, 114.74, DistDow, 314.12, DistUp, 114.49
, DistFront, 116.62, DistDow, 3234.12, DistUp, 114.10
, DistFront, 115.20, DistDow, 3282.35, DistUp, 114.61
, DistFront, 116.77, DistDow, 3230.48, DistUp, 113.83
, DistFront, 116.12, DistDow, 312.76, DistUp, 115.34
, DistFrontMean, 114.83, DistDowMean, 3226.75, DistUpMean, 115.70
, DistFront, 115.48, DistDow, 3235.12, DistUp, 113.11
, DistFront, 114.68, DistDow, 3308.91, DistUp, 114.56
, DistFront, 114.98, DistDow, 3239.68, DistUp, 115.26
, DistFront, 114.71, DistDow, 3245.07, DistUp, 113.98
, DistFront, 117.19, DistDow, 3242.60, DistUp, 114.74
, DistFront, 115.03, DistDow, 3266.31, DistUp, 114.76
, DistFront, 117.64, DistDow, 3245.73, DistUp, 114.56
, DistFront, 116.31, DistDow, 3230.53, DistUp, 115.27
, DistFront, 116.05, DistDow, 3234.98, DistUp, 114.68
, DistFront, 115.83, DistDow, 3255.05, DistUp, 114.49
, DistFront, 116.82, DistDow, 3238.71, DistUp, 114.13
, DistFront, 115.27, DistDow, 3238.18, DistUp, 114.46
, DistFront, 114.17, DistDow, 3259.35, DistUp, 113.83
, DistFront, 114.52, DistDow, 3255.73, DistUp, 114.63
, DistFront, 114.90, DistDow, 3257.55, DistUp, 113.95
, DistFront, 114.56, DistDow, 3241.75, DistUp, 113.52
, DistFront, 116.34, DistDow, 312.06, DistUp, 114.05
, DistFront, 115.12, DistDow, 3246.55, DistUp, 114.40
, DistFront, 114.71, DistDow, 3261.67, DistUp, 114.98
, DistFront, 115.32, DistDow, 3258.25, DistUp, 114.39
, DistFrontMean, 115.02, DistDowMean, 3213.33, DistUpMean, 114.06
, DistFront, 114.71, DistDow, 3247.76, DistUp, 114.39
, DistFront, 114.46, DistDow, 3271.14, DistUp, 115.43
, DistFront, 114.66, DistDow, 3236.39, DistUp, 113.59
, DistFront, 114.76, DistDow, 3260.14, DistUp, 115.37
, DistFront, 116.85, DistDow, 3239.78, DistUp, 114.90
, DistFront, 115.97, DistDow, 3257.38, DistUp, 113.98
, DistFront, 115.27, DistDow, 3231.48, DistUp, 113.96
, DistFront, 114.81, DistDow, 3283.76, DistUp, 114.18
, DistFront, 114.81, DistDow, 3290.02, DistUp, 114.42
, DistFront, 115.61, DistDow, 3289.34, DistUp, 113.96
, DistFront, 115.17, DistDow, 3265.92, DistUp, 114.03
, DistFront, 114.63, DistDow, 3273.62, DistUp, 113.20
, DistFront, 114.91, DistDow, 3259.34, DistUp, 113.61
, DistFront, 115.46, DistDow, 3290.05, DistUp, 114.63
, DistFront, 115.97, DistDow, 314.47, DistUp, 115.99
, DistFront, 116.48, DistDow, 3258.23, DistUp, 113.96
, DistFront, 114.83, DistDow, 3254.68, DistUp, 113.55
, DistFront, 115.26, DistDow, 3246.97, DistUp, 113.59
, DistFront, 115.66, DistDow, 3246.99, DistUp, 113.06
, DistFront, 116.34, DistDow, 3259.97, DistUp, 113.81
, DistFrontMean, 114.61, DistDowMean, 3221.41, DistUpMean, 114.56
, DistFront, 115.37, DistDow, 3272.91, DistUp, 113.55
, DistFront, 114.76, DistDow, 3240.70, DistUp, 113.45
, DistFront, 114.30, DistDow, 3226.70, DistUp, 113.11
, DistFront, 115.19, DistDow, 314.47, DistUp, 114.40
, DistFront, 116.05, DistDow, 3319.18, DistUp, 114.97
, DistFront, 116.05, DistDow, 3250.37, DistUp, 115.10
, DistFront, 114.49, DistDow, 3289.23, DistUp, 114.03
, DistFront, 114.46, DistDow, 315.43, DistUp, 113.28
, DistFront, 115.34, DistDow, 314.32, DistUp, 112.64
, DistFront, 114.85, DistDow, 315.26, DistUp, 113.98
, DistFront, 116.60, DistDow, 3205.17, DistUp, 113.81
, DistFront, 114.59, DistDow, 3233.69, DistUp, 113.88
, DistFront, 115.34, DistDow, 3247.40, DistUp, 113.96
, DistFront, 114.20, DistDow, 3297.98, DistUp, 113.33
, DistFront, 119.00, DistDow, 3247.91, DistUp, 113.40
, DistFront, 115.43, DistDow, 3274.10, DistUp, 113.61
, DistFront, 114.56, DistDow, 314.23, DistUp, 113.40
, DistFront, 115.49, DistDow, 3211.70, DistUp, 113.55
, DistFront, 114.74, DistDow, 3225.77, DistUp, 113.71
, DistFront, 114.88, DistDow, 3250.14, DistUp, 114.10
, DistFrontMean, 115.19, DistDowMean, 3288.59, DistUpMean, 114.20
, DistFront, 115.99, DistDow, 3250.77, DistUp, 115.19
, DistFront, 115.20, DistDow, 3258.61, DistUp, 115.49
, DistFront, 115.17, DistDow, 3246.04, DistUp, 117.16
, DistFront, 115.61, DistDow, 3233.88, DistUp, 113.84
, DistFront, 115.24, DistDow, 3295.34, DistUp, 115.20
, DistFront, 115.70, DistDow, 3266.31, DistUp, 114.42
, DistFront, 115.41, DistDow, 312.96, DistUp, 114.74
, DistFront, 115.41, DistDow, 3248.74, DistUp, 115.02
, DistFront, 114.81, DistDow, 3271.14, DistUp, 113.62
, DistFront, 116.46, DistDow, 3254.05, DistUp, 115.88
, DistFront, 118.61, DistDow, 3246.63, DistUp, 115.61
, DistFront, 119.85, DistDow, 3255.75, DistUp, 116.34
, DistFront, 117.31, DistDow, 3235.24, DistUp, 114.25
, DistFront, 117.74, DistDow, 3259.69, DistUp, 113.52
, DistFront, 114.85, DistDow, 3264.06, DistUp, 114.06
, DistFront, 114.32, DistDow, 3243.64, DistUp, 113.62
, DistFront, 116.70, DistDow, 3256.56, DistUp, 114.42
, DistFront, 114.91, DistDow, 3237.64, DistUp, 112.91
, DistFront, 115.99, DistDow, 317.06, DistUp, 112.74
, DistFront, 114.25, DistDow, 315.37, DistUp, 113.10
, DistFrontMean, 114.69, DistDowMean, 3273.33, DistUpMean, 112.84
, DistFront, 114.40, DistDow, 3250.02, DistUp, 114.20
, DistFront, 114.25, DistDow, 314.18, DistUp, 113.74
, DistFront, 114.49, DistDow, 313.83, DistUp, 113.89
, DistFront, 114.66, DistDow, 3262.38, DistUp, 117.13
, DistFront, 114.88, DistDow, 3245.75, DistUp, 114.63
, DistFront, 114.88, DistDow, 3264.52, DistUp, 113.69
, DistFront, 115.61, DistDow, 3255.07, DistUp, 115.27
, DistFront, 115.70, DistDow, 3249.63, DistUp, 115.03
, DistFront, 117.31, DistDow, 3234.27, DistUp, 114.68
, DistFront, 115.17, DistDow, 3238.32, DistUp, 113.81
, DistFront, 114.66, DistDow, 3282.18, DistUp, 113.06
, DistFront, 115.95, DistDow, 3231.89, DistUp, 113.83
, DistFront, 114.10, DistDow, 3266.60, DistUp, 113.04
, DistFront, 114.66, DistDow, 3264.54, DistUp, 112.60
, DistFront, 116.46, DistDow, 3270.66, DistUp, 113.04
, DistFront, 114.17, DistDow, 3265.66, DistUp, 115.27
, DistFront, 113.76, DistDow, 3281.92, DistUp, 113.16
, DistFront, 118.40, DistDow, 3267.87, DistUp, 114.98
, DistFront, 114.47, DistDow, 3233.13, DistUp, 114.52
, DistFront, 115.60, DistDow, 312.91, DistUp, 114.49
, DistFrontMean, 115.14, DistDowMean, 3247.26, DistUpMean, 114.13
, DistFront, 114.20, DistDow, 3267.35, DistUp, 113.64
, DistFront, 114.30, DistDow, 316.28, DistUp, 115.05
, DistFront, 114.30, DistDow, 314.95, DistUp, 116.67
, DistFront, 114.66, DistDow, 3266.55, DistUp, 113.47
, DistFront, 114.27, DistDow, 3275.17, DistUp, 112.91
, DistFront, 114.30, DistDow, 314.66, DistUp, 113.20
, DistFront, 114.91, DistDow, 314.27, DistUp, 112.99
, DistFront, 114.61, DistDow, 3249.95, DistUp, 113.32
, DistFront, 114.66, DistDow, 3270.49, DistUp, 113.16
, DistFront, 115.02, DistDow, 3270.77, DistUp, 113.28
, DistFront, 115.02, DistDow, 3267.70, DistUp, 113.59
, DistFront, 114.49, DistDow, 3266.60, DistUp, 113.06
, DistFront, 117.47, DistDow, 312.62, DistUp, 113.52
, DistFront, 114.56, DistDow, 3284.25, DistUp, 116.45
, DistFront, 114.06, DistDow, 3263.40, DistUp, 113.10
, DistFront, 113.40, DistDow, 3227.64, DistUp, 114.47
, DistFront, 113.84, DistDow, 3262.57, DistUp, 113.64
, DistFront, 114.97, DistDow, 3270.70, DistUp, 113.18
, DistFront, 116.77, DistDow, 3257.41, DistUp, 114.91
, DistFront, 115.85, DistDow, 3277.84, DistUp, 114.42
, DistFrontMean, 113.62, DistDowMean, 3272.64, DistUpMean, 113.83
, DistFront, 113.98, DistDow, 3248.35, DistUp, 114.17
, DistFront, 114.23, DistDow, 3256.04, DistUp, 113.67
, DistFront, 114.10, DistDow, 314.52, DistUp, 114.42
, DistFront, 113.32, DistDow, 3275.34, DistUp, 113.27
, DistFront, 115.14, DistDow, 317.93, DistUp, 113.28
, DistFront, 113.76, DistDow, 3249.81, DistUp, 113.20
, DistFront, 114.34, DistDow, 3274.18, DistUp, 112.47
, DistFront, 113.62, DistDow, 3257.60, DistUp, 113.96
, DistFront, 113.47, DistDow, 3260.68, DistUp, 112.98
, DistFront, 113.59, DistDow, 3253.88, DistUp, 112.06
, DistFront, 113.45, DistDow, 3256.34, DistUp, 112.31
, DistFront, 114.97, DistDow, 3263.76, DistUp, 112.26
, DistFront, 113.67, DistDow, 3254.49, DistUp, 112.64
, DistFront, 113.64, DistDow, 3231.60, DistUp, 112.11
, DistFront, 114.74, DistDow, 3271.17, DistUp, 112.57
, DistFront, 115.03, DistDow, 313.98, DistUp, 112.87
, DistFront, 113.04, DistDow, 3245.46, DistUp, 112.13
, DistFront, 113.23, DistDow, 3258.10, DistUp, 112.48
, DistFront, 112.60, DistDow, 3250.32, DistUp, 112.53
, DistFront, 114.95, DistDow, 3253.20, DistUp, 113.78
, DistFrontMean, 114.46, DistDowMean, 3262.70, DistUpMean, 114.13
, DistFront, 114.18, DistDow, 3248.71, DistUp, 113.81
, DistFront, 116.24, DistDow, 3246.14, DistUp, 114.18
, DistFront, 114.39, DistDow, 3253.06, DistUp, 113.64
, DistFront, 113.78, DistDow, 3274.85, DistUp, 115.10
, DistFront, 114.98, DistDow, 3253.33, DistUp, 114.18
, DistFront, 113.83, DistDow, 3254.83, DistUp, 114.98
, DistFront, 113.98, DistDow, 3239.23, DistUp, 115.10
, DistFront, 115.53, DistDow, 3242.55, DistUp, 114.56
, DistFront, 115.77, DistDow, 3228.55, DistUp, 116.24
, DistFront, 4.95, DistDow, 3273.83, DistUp, 115.77
, DistFront, 118.84, DistDow, 3266.39, DistUp, 117.53
, DistFront, 295.14, DistDow, 3275.53, DistUp, 116.96
, DistFront, 3320.05, DistDow, 3260.88, DistUp, 113.47
, DistFront, 3316.70, DistDow, 3257.96, DistUp, 117.04
, DistFront, 3323.95, DistDow, 3274.63, DistUp, 115.24
, DistFront, 315.85, DistDow, 3279.78, DistUp, 113.11
, DistFront, 4.54, DistDow, 3288.78, DistUp, 111.92
, DistFront, 112.96, DistDow, 3348.49, DistUp, 110.77
, DistFront, 111.77, DistDow, 3264.03, DistUp, 111.55
, DistFront, 111.63, DistDow, 118.16, DistUp, 111.55
, DistFrontMean, 112.38, DistDowMean, 3251.70, DistUpMean, 114.23
, DistFront, 113.78, DistDow, 3264.39, DistUp, 111.60
, DistFront, 113.59, DistDow, 3259.68, DistUp, 112.35
, DistFront, 114.54, DistDow, 3259.32, DistUp, 111.89
, DistFront, 4.42, DistDow, 3242.33, DistUp, 112.33
, DistFront, 4.52, DistDow, 3233.23, DistUp, 115.34
, DistFront, 3334.95, DistDow, 3267.93, DistUp, 114.20
, DistFront, 3312.16, DistDow, 3276.84, DistUp, 111.67
, DistFront, 113.54, DistDow, 3255.54, DistUp, 111.38
, DistFront, 4.42, DistDow, 3259.91, DistUp, 111.38
, DistFront, 112.84, DistDow, 107.19, DistUp, 110.49
, DistFront, 110.85, DistDow, 114.56, DistUp, 111.50
, DistFront, 113.11, DistDow, 3243.98, DistUp, 111.11
, DistFront, 111.90, DistDow, 316.67, DistUp, 111.89
, DistFront, 112.21, DistDow, 317.04, DistUp, 111.60
, DistFront, 112.16, DistDow, 3248.71, DistUp, 112.74
, DistFront, 112.93, DistDow, 317.48, DistUp, 111.60
, DistFront, 113.59, DistDow, 113.27, DistUp, 112.96
, DistFront, 113.16, DistDow, 109.90, DistUp, 112.16
, DistFront, 113.18, DistDow, 109.13, DistUp, 112.64
, DistFront, 113.91, DistDow, 3241.96, DistUp, 112.74
, DistFrontMean, 114.68, DistDowMean, 3246.60, DistUpMean, 112.48
, DistFront, 115.73, DistDow, 3273.23, DistUp, 112.87
, DistFront, 115.95, DistDow, 113.40, DistUp, 113.27
, DistFront, 115.63, DistDow, 3268.10, DistUp, 113.10
, DistFront, 115.03, DistDow, 3256.24, DistUp, 114.90
, DistFront, 114.52, DistDow, 3260.20, DistUp, 113.04
, DistFront, 115.12, DistDow, 3265.70, DistUp, 114.06
, DistFront, 115.37, DistDow, 3247.52, DistUp, 113.74
, DistFront, 116.17, DistDow, 3275.26, DistUp, 113.84
, DistFront, 116.17, DistDow, 110.24, DistUp, 113.76
, DistFront, 115.99, DistDow, 107.13, DistUp, 113.27
, DistFront, 114.35, DistDow, 3264.18, DistUp, 112.93
, DistFront, 115.31, DistDow, 3267.70, DistUp, 112.77
, DistFront, 115.53, DistDow, 312.53, DistUp, 115.19
, DistFront, 113.62, DistDow, 3235.68, DistUp, 113.54
, DistFront, 113.67, DistDow, 3232.35, DistUp, 114.10
, DistFront, 113.96, DistDow, 110.78, DistUp, 114.63
, DistFront, 116.68, DistDow, 109.06, DistUp, 116.04
, DistFront, 115.07, DistDow, 109.32, DistUp, 113.03
, DistFront, 114.52, DistDow, 314.63, DistUp, 113.88
, DistFront, 117.81, DistDow, 3266.84, DistUp, 113.91
, DistFrontMean, 115.19, DistDowMean, 3289.98, DistUpMean, 112.69
, DistFront, 144.47, DistDow, 3275.49, DistUp, 113.69
, DistFront, 118.16, DistDow, 310.68, DistUp, 111.92
, DistFront, 115.48, DistDow, 3258.49, DistUp, 112.40
, DistFront, 114.90, DistDow, 3271.73, DistUp, 112.53
, DistFront, 116.28, DistDow, 3267.16, DistUp, 112.89
, DistFront, 114.23, DistDow, 315.56, DistUp, 114.34
, DistFront, 113.81, DistDow, 3274.95, DistUp, 112.60
, DistFront, 114.85, DistDow, 3283.89, DistUp, 112.89
, DistFront, 113.83, DistDow, 314.78, DistUp, 112.41
, DistFront, 113.35, DistDow, 3280.53, DistUp, 112.76
, DistFront, 115.75, DistDow, 3266.24, DistUp, 113.11
, DistFront, 113.61, DistDow, 3249.68, DistUp, 112.52
, DistFront, 119.78, DistDow, 108.06, DistUp, 113.33
, DistFront, 114.46, DistDow, 3248.89, DistUp, 112.87
, DistFront, 113.67, DistDow, 3257.84, DistUp, 112.02
, DistFront, 113.55, DistDow, 3257.21, DistUp, 113.11
, DistFront, 115.05, DistDow, 3285.43, DistUp, 112.40
, DistFront, 114.30, DistDow, 315.61, DistUp, 113.91
, DistFront, 114.81, DistDow, 314.00, DistUp, 112.76
, DistFront, 4.54, DistDow, 114.74, DistUp, 111.12
, DistFrontMean, 114.74, DistDowMean, 3273.84, DistUpMean, 111.50
, DistFront, 113.35, DistDow, 3285.75, DistUp, 110.19
, DistFront, 112.55, DistDow, 317.21, DistUp, 109.69
, DistFront, 437.18, DistDow, 3246.99, DistUp, 110.41
, DistFront, 113.16, DistDow, 316.70, DistUp, 110.60
, DistFront, 113.45, DistDow, 3264.85, DistUp, 112.09
, DistFront, 115.24, DistDow, 311.34, DistUp, 112.28
, DistFront, 115.10, DistDow, 314.61, DistUp, 111.60
, DistFront, 114.69, DistDow, 3277.60, DistUp, 114.32
, DistFront, 116.04, DistDow, 3266.60, DistUp, 111.99
, DistFront, 114.32, DistDow, 3260.99, DistUp, 112.57
, DistFront, 114.30, DistDow, 315.60, DistUp, 112.70
, DistFront, 114.69, DistDow, 3295.31, DistUp, 112.87
, DistFront, 114.95, DistDow, 3272.69, DistUp, 113.76
, DistFront, 116.70, DistDow, 3280.03, DistUp, 114.61
, DistFront, 115.05, DistDow, 3260.75, DistUp, 114.17
, DistFront, 118.04, DistDow, 3261.89, DistUp, 114.18
, DistFront, 116.05, DistDow, 3277.24, DistUp, 114.83
, DistFront, 115.70, DistDow, 3292.64, DistUp, 113.71
, DistFront, 115.41, DistDow, 313.18, DistUp, 112.45
, DistFront, 115.10, DistDow, 3280.82, DistUp, 113.35
, DistFrontMean, 114.18, DistDowMean, 71.45, DistUpMean, 112.84
, DistFront, 114.00, DistDow, 3276.82, DistUp, 112.16
, DistFront, 117.64, DistDow, 3249.52, DistUp, 112.19
, DistFront, 115.63, DistDow, 3248.16, DistUp, 113.55
, DistFront, 116.05, DistDow, 3260.31, DistUp, 112.62
, DistFront, 116.90, DistDow, 313.81, DistUp, 113.10
, DistFront, 115.37, DistDow, 314.97, DistUp, 111.04
, DistFront, 114.59, DistDow, 315.39, DistUp, 113.13
, DistFront, 115.46, DistDow, 315.02, DistUp, 111.80
, DistFront, 114.95, DistDow, 3275.95, DistUp, 112.35
, DistFront, 115.32, DistDow, 3273.71, DistUp, 113.13
, DistFront, 115.37, DistDow, 3257.45, DistUp, 113.11
, DistFront, 115.07, DistDow, 317.19, DistUp, 112.76
, DistFront, 114.27, DistDow, 314.54, DistUp, 112.84
, DistFront, 115.73, DistDow, 312.35, DistUp, 112.28
, DistFront, 114.46, DistDow, 314.71, DistUp, 112.16
, DistFront, 113.42, DistDow, 317.98, DistUp, 111.60
, DistFront, 113.71, DistDow, 316.46, DistUp, 112.62
, DistFront, 113.52, DistDow, 316.38, DistUp, 112.11
, DistFront, 118.84, DistDow, 311.11, DistUp, 111.33
, DistFront, 113.42, DistDow, 315.97, DistUp, 111.68
, DistFrontMean, 116.77, DistDowMean, 3273.11, DistUpMean, 111.21
, DistFront, 113.89, DistDow, 72.04, DistUp, 111.11
, DistFront, 113.40, DistDow, 317.70, DistUp, 110.32
, DistFront, 113.54, DistDow, 315.75, DistUp, 110.41
, DistFront, 116.53, DistDow, 313.25, DistUp, 111.02
, DistFront, 112.96, DistDow, 317.35, DistUp, 111.17
, DistFront, 112.35, DistDow, 316.63, DistUp, 110.99
, DistFront, 112.28, DistDow, 316.56, DistUp, 110.20
, DistFront, 114.25, DistDow, 3283.33, DistUp, 110.60
, DistFront, 112.89, DistDow, 317.26, DistUp, 109.91
, DistFront, 113.10, DistDow, 318.49, DistUp, 111.28
, DistFront, 438.64, DistDow, 3296.82, DistUp, 113.27
, DistFront, 440.07, DistDow, 3273.84, DistUp, 114.25
, DistFront, 4.54, DistDow, 3268.13, DistUp, 116.77
, DistFront, 4.42, DistDow, 3271.09, DistUp, 114.69
, DistFront, 118.33, DistDow, 3284.78, DistUp, 111.14
, DistFront, 114.06, DistDow, 3283.55, DistUp, 110.99
, DistFront, 440.34, DistDow, 3270.34, DistUp, 110.90
, DistFront, 116.39, DistDow, 3263.35, DistUp, 112.53
, DistFront, 116.24, DistDow, 3274.00, DistUp, 112.96
, DistFront, 117.33, DistDow, 312.57, DistUp, 111.24
, DistFrontMean, 117.02, DistDowMean, 3270.37, DistUpMean, 112.55
, DistFront, 143.89, DistDow, 3285.48, DistUp, 112.33
, DistFront, 437.62, DistDow, 3288.04, DistUp, 110.60
, DistFront, 113.62, DistDow, 3244.52, DistUp, 112.62
, DistFront, 113.03, DistDow, 317.96, DistUp, 110.26
, DistFront, 114.40, DistDow, 313.84, DistUp, 111.60
, DistFront, 113.59, DistDow, 3282.81, DistUp, 111.17
, DistFront, 439.63, DistDow, 3242.31, DistUp, 110.77
, DistFront, 439.35, DistDow, 3275.95, DistUp, 110.78
, DistFront, 437.48, DistDow, 3269.68, DistUp, 111.19
, DistFront, 438.78, DistDow, 3276.41, DistUp, 111.68
, DistFront, 115.27, DistDow, 315.75, DistUp, 111.17
, DistFront, 114.81, DistDow, 3242.77, DistUp, 112.70
, DistFront, 118.35, DistDow, 3240.90, DistUp, 112.81
, DistFront, 115.26, DistDow, 3259.95, DistUp, 112.91
, DistFront, 439.03, DistDow, 3241.85, DistUp, 111.34
, DistFront, 117.28, DistDow, 3240.68, DistUp, 111.53
, DistFront, 290.48, DistDow, 3248.81, DistUp, 111.67
, DistFront, 440.27, DistDow, 3273.11, DistUp, 111.19
, DistFront, 438.52, DistDow, 3241.48, DistUp, 111.02
, DistFront, 438.33, DistDow, 3251.62, DistUp, 110.85
, DistFrontMean, 3356.80, DistDowMean, 3261.85, DistUpMean, 110.88
, DistFront, 4.54, DistDow, 153.16, DistUp, 111.19
, DistFront, 116.17, DistDow, 3264.34, DistUp, 111.41
, DistFront, 437.91, DistDow, 3255.53, DistUp, 111.21
, DistFront, 438.84, DistDow, 3241.67, DistUp, 110.27
, DistFront, 117.09, DistDow, 313.11, DistUp, 110.10
, DistFront, 439.88, DistDow, 3251.67, DistUp, 111.14
, DistFront, 114.56, DistDow, 317.74, DistUp, 110.31
, DistFront, 439.35, DistDow, 3258.11, DistUp, 110.61
, DistFront, 116.82, DistDow, 3248.59, DistUp, 111.05
, DistFront, 114.03, DistDow, 316.60, DistUp, 109.30
, DistFront, 115.10, DistDow, 3292.69, DistUp, 110.07
, DistFront, 115.61, DistDow, 315.68, DistUp, 109.76
, DistFront, 114.76, DistDow, 3260.73, DistUp, 109.56
, DistFront, 113.62, DistDow, 317.60, DistUp, 108.95
, DistFront, 114.81, DistDow, 3266.80, DistUp, 109.13
, DistFront, 116.05, DistDow, 3259.20, DistUp, 110.10
, DistFront, 437.64, DistDow, 3281.55, DistUp, 109.81
, DistFront, 441.41, DistDow, 3257.33, DistUp, 110.32
, DistFront, 114.63, DistDow, 3287.45, DistUp, 109.71
, DistFront, 113.91, DistDow, 3252.98, DistUp, 109.27
, DistFrontMean, 115.68, DistDowMean, 3234.76, DistUpMean, 110.02
, DistFront, 114.76, DistDow, 3263.47, DistUp, 109.61
, DistFront, 438.49, DistDow, 3274.18, DistUp, 109.32
, DistFront, 115.54, DistDow, 314.05, DistUp, 109.25
, DistFront, 437.76, DistDow, 3253.18, DistUp, 108.91
, DistFront, 441.45, DistDow, 3259.12, DistUp, 109.71
, DistFront, 114.17, DistDow, 3247.04, DistUp, 109.90
, DistFront, 438.84, DistDow, 3267.40, DistUp, 110.20
, DistFront, 115.77, DistDow, 3279.61, DistUp, 110.17
, DistFront, 113.84, DistDow, 3244.13, DistUp, 109.78
, DistFront, 114.20, DistDow, 317.57, DistUp, 109.18
, DistFront, 438.71, DistDow, 3273.27, DistUp, 108.88
, DistFront, 112.64, DistDow, 318.33, DistUp, 107.57
, DistFront, 112.26, DistDow, 318.28, DistUp, 108.89
, DistFront, 112.67, DistDow, 3274.59, DistUp, 110.20
, DistFront, 113.32, DistDow, 3259.90, DistUp, 110.17
, DistFront, 114.40, DistDow, 317.24, DistUp, 109.90
, DistFront, 439.00, DistDow, 3268.98, DistUp, 110.17
, DistFront, 113.84, DistDow, 3266.45, DistUp, 111.77
, DistFront, 112.60, DistDow, 3261.89, DistUp, 110.14
, DistFront, 114.32, DistDow, 318.25, DistUp, 110.63
, DistFrontMean, 113.91, DistDowMean, 3275.20, DistUpMean, 111.12
, DistFront, 116.05, DistDow, 3245.14, DistUp, 111.62
, DistFront, 441.12, DistDow, 3289.76, DistUp, 110.37
, DistFront, 115.17, DistDow, 3250.27, DistUp, 110.56
, DistFront, 115.85, DistDow, 3268.84, DistUp, 110.82
, DistFront, 114.12, DistDow, 3266.80, DistUp, 110.39
, DistFront, 113.54, DistDow, 316.39, DistUp, 109.52
, DistFront, 115.70, DistDow, 3255.68, DistUp, 110.85
, DistFront, 113.71, DistDow, 3274.05, DistUp, 110.56
, DistFront, 114.47, DistDow, 318.55, DistUp, 111.02
, DistFront, 117.26, DistDow, 3252.52, DistUp, 110.37
, DistFront, 114.83, DistDow, 315.66, DistUp, 110.56
, DistFront, 114.66, DistDow, 315.88, DistUp, 109.49
, DistFront, 116.41, DistDow, 313.23, DistUp, 108.89
, DistFront, 439.12, DistDow, 3266.04, DistUp, 109.78
, DistFront, 115.03, DistDow, 314.25, DistUp, 109.17
, DistFront, 114.74, DistDow, 316.62, DistUp, 110.68
, DistFront, 440.32, DistDow, 3280.77, DistUp, 110.95
, DistFront, 4.54, DistDow, 423.78, DistUp, 110.77
, DistFront, 116.26, DistDow, 3259.76, DistUp, 110.85
, DistFront, 114.54, DistDow, 315.77, DistUp, 110.95
, DistFrontMean, 146.90, DistDowMean, 3269.27, DistUpMean, 110.82
, DistFront, 114.12, DistDow, 3284.00, DistUp, 111.38
, DistFront, 440.97, DistDow, 3235.97, DistUp, 111.85
, DistFront, 439.76, DistDow, 3272.91, DistUp, 111.48
, DistFront, 114.30, DistDow, 3245.63, DistUp, 111.02
, DistFront, 438.83, DistDow, 3274.34, DistUp, 111.92
, DistFront, 117.06, DistDow, 314.20, DistUp, 109.83
, DistFront, 114.35, DistDow, 316.53, DistUp, 110.54
, DistFront, 114.56, DistDow, 3249.03, DistUp, 110.19
, DistFront, 114.12, DistDow, 316.68, DistUp, 109.46
, DistFront, 116.17, DistDow, 314.00, DistUp, 109.78
, DistFront, 115.46, DistDow, 3262.81, DistUp, 111.67
, DistFront, 438.55, DistDow, 3267.82, DistUp, 111.21
, DistFront, 117.93, DistDow, 3275.41, DistUp, 111.31
, DistFront, 114.61, DistDow, 3280.63, DistUp, 111.17
, DistFront, 114.54, DistDow, 315.48, DistUp, 110.82
, DistFront, 116.02, DistDow, 3258.83, DistUp, 110.85
, DistFront, 114.17, DistDow, 315.03, DistUp, 109.95
, DistFront, 116.38, DistDow, 3264.66, DistUp, 109.97
, DistFront, 4.54, DistDow, 3259.27, DistUp, 110.77
, DistFront, 112.64, DistDow, 3246.45, DistUp, 111.21
, DistFrontMean, 113.71, DistDowMean, 3245.53, DistUpMean, 109.61
, DistFront, 194.06, DistDow, 3302.89, DistUp, 109.00
, DistFront, 438.32, DistDow, 3251.63, DistUp, 108.74
, DistFront, 113.98, DistDow, 3241.33, DistUp, 109.61
, DistFront, 114.95, DistDow, 3224.35, DistUp, 109.49
, DistFront, 116.28, DistDow, 3224.88, DistUp, 110.70
, DistFront, 438.23, DistDow, 3269.97, DistUp, 110.54
, DistFront, 113.64, DistDow, 317.82, DistUp, 111.09
, DistFront, 116.39, DistDow, 3286.21, DistUp, 110.49
, DistFront, 440.56, DistDow, 3303.59, DistUp, 110.03
, DistFront, 115.54, DistDow, 3268.64, DistUp, 110.14
, DistFront, 113.06, DistDow, 3294.49, DistUp, 110.61
, DistFront, 114.30, DistDow, 320.68, DistUp, 112.06
, DistFront, 114.13, DistDow, 315.92, DistUp, 111.68
, DistFront, 113.20, DistDow, 318.04, DistUp, 110.68
, DistFront, 112.74, DistDow, 3254.47, DistUp, 111.24
, DistFront, 112.77, DistDow, 318.84, DistUp, 111.33
, DistFront, 115.17, DistDow, 3272.69, DistUp, 112.24
, DistFront, 114.85, DistDow, 314.97, DistUp, 111.05
, DistFront, 112.77, DistDow, 3256.60, DistUp, 112.69
, DistFront, 112.81, DistDow, 316.67, DistUp, 111.56
, DistFrontMean, 115.60, DistDowMean, 3278.62, DistUpMean, 111.34
, DistFront, 114.83, DistDow, 71.34, DistUp, 112.24
, DistFront, 113.67, DistDow, 315.53, DistUp, 112.74
, DistFront, 113.42, DistDow, 313.91, DistUp, 111.73
, DistFront, 112.74, DistDow, 3209.32, DistUp, 111.70
, DistFront, 438.20, DistDow, 3266.19, DistUp, 110.49
, DistFront, 439.10, DistDow, 3264.83, DistUp, 110.92
, DistFront, 438.81, DistDow, 3262.84, DistUp, 110.54
, DistFront, 438.95, DistDow, 3273.04, DistUp, 110.27
, DistFront, 439.32, DistDow, 3277.24, DistUp, 110.48
, DistFront, 116.04, DistDow, 3278.98, DistUp, 111.31
, DistFront, 113.61, DistDow, 3282.24, DistUp, 110.17
, DistFront, 436.41, DistDow, 3255.32, DistUp, 111.11
, DistFront, 116.68, DistDow, 3276.02, DistUp, 111.11
, DistFront, 441.38, DistDow, 3286.50, DistUp, 111.05
, DistFront, 116.70, DistDow, 3285.02, DistUp, 112.28
, DistFront, 438.35, DistDow, 3272.26, DistUp, 113.03
, DistFront, 115.05, DistDow, 3306.26, DistUp, 111.50
, DistFront, 437.91, DistDow, 3262.69, DistUp, 111.82
, DistFront, 116.14, DistDow, 314.66, DistUp, 112.41
, DistFront, 114.59, DistDow, 3252.84, DistUp, 111.67
, DistFrontMean, 195.49, DistDowMean, 3269.42, DistUpMean, 110.77
, DistFront, 114.90, DistDow, 70.53, DistUp, 110.78
, DistFront, 114.20, DistDow, 3276.31, DistUp, 110.95
, DistFront, 117.57, DistDow, 3289.30, DistUp, 110.95
, DistFront, 438.40, DistDow, 3278.71, DistUp, 111.62
, DistFront, 114.10, DistDow, 315.85, DistUp, 110.73
, DistFront, 114.52, DistDow, 314.97, DistUp, 111.68
, DistFront, 114.66, DistDow, 315.31, DistUp, 112.48
, DistFront, 114.85, DistDow, 315.17, DistUp, 111.09
, DistFront, 114.20, DistDow, 317.40, DistUp, 109.69
, DistFront, 113.78, DistDow, 3269.12, DistUp, 110.75
, DistFront, 116.62, DistDow, 3291.53, DistUp, 111.50
, DistFront, 438.28, DistDow, 3286.90, DistUp, 110.90
, DistFront, 113.74, DistDow, 3290.49, DistUp, 110.82
, DistFront, 436.75, DistDow, 3259.76, DistUp, 110.70
, DistFront, 114.32, DistDow, 3286.12, DistUp, 110.63
, DistFront, 113.23, DistDow, 3241.55, DistUp, 109.59
, DistFront, 441.50, DistDow, 3301.73, DistUp, 110.31
, DistFront, 438.13, DistDow, 3288.20, DistUp, 109.85
, DistFront, 440.66, DistDow, 3248.54, DistUp, 109.54
, DistFront, 438.69, DistDow, 3257.55, DistUp, 109.85
, DistFrontMean, 147.48, DistDowMean, 3288.89, DistUpMean, 110.75
, DistFront, 193.27, DistDow, 3275.99, DistUp, 110.82
, DistFront, 113.28, DistDow, 317.82, DistUp, 109.59
, DistFront, 113.27, DistDow, 317.67, DistUp, 110.53
, DistFront, 113.04, DistDow, 315.85, DistUp, 111.11
, DistFront, 115.14, DistDow, 315.77, DistUp, 110.60
, DistFront, 113.84, DistDow, 315.10, DistUp, 110.10
, DistFront, 114.54, DistDow, 313.98, DistUp, 110.24
, DistFront, 438.55, DistDow, 3281.11, DistUp, 109.42
, DistFront, 113.20, DistDow, 3305.48, DistUp, 109.74
, DistFront, 113.13, DistDow, 317.06, DistUp, 109.03
, DistFront, 113.33, DistDow, 316.63, DistUp, 110.95
, DistFront, 439.00, DistDow, 3267.28, DistUp, 110.31
, DistFront, 112.64, DistDow, 319.85, DistUp, 108.83
, DistFront, 113.81, DistDow, 3255.66, DistUp, 108.83
, DistFront, 438.88, DistDow, 3260.20, DistUp, 109.34
, DistFront, 114.78, DistDow, 314.05, DistUp, 109.47
, DistFront, 114.59, DistDow, 316.11, DistUp, 108.76
, DistFront, 4.52, DistDow, 3259.47, DistUp, 110.46
, DistFront, 438.06, DistDow, 3274.76, DistUp, 109.85
, DistFront, 438.54, DistDow, 3267.24, DistUp, 110.63
, DistFrontMean, 113.16, DistDowMean, 3233.89, DistUpMean, 110.19
, DistFront, 163.89, DistDow, 3281.26, DistUp, 109.85
, DistFront, 116.12, DistDow, 3273.59, DistUp, 110.78
, DistFront, 112.91, DistDow, 3235.88, DistUp, 110.56
, DistFront, 114.10, DistDow, 3232.70, DistUp, 109.30
, DistFront, 438.71, DistDow, 3271.90, DistUp, 109.46
, DistFront, 438.89, DistDow, 3270.37, DistUp, 109.69
, DistFront, 114.90, DistDow, 3256.21, DistUp, 109.61
, DistFront, 114.40, DistDow, 316.46, DistUp, 108.95
, DistFront, 114.05, DistDow, 3266.82, DistUp, 109.69
, DistFront, 113.89, DistDow, 316.84, DistUp, 108.47
, DistFront, 113.35, DistDow, 3266.92, DistUp, 110.49
, DistFront, 115.49, DistDow, 314.10, DistUp, 110.12
, DistFront, 117.19, DistDow, 314.85, DistUp, 110.17
, DistFront, 112.48, DistDow, 3264.59, DistUp, 109.74
, DistFront, 114.13, DistDow, 3284.76, DistUp, 108.52
, DistFront, 438.69, DistDow, 3284.98, DistUp, 108.78
, DistFront, 439.85, DistDow, 3260.05, DistUp, 109.54
, DistFront, 113.20, DistDow, 3253.23, DistUp, 111.39
, DistFront, 113.64, DistDow, 316.70, DistUp, 109.40
, DistFront, 439.81, DistDow, 3304.39, DistUp, 110.49
, DistFrontMean, 164.18, DistDowMean, 3256.21, DistUpMean, 109.98
, DistFront, 161.97, DistDow, 3280.14, DistUp, 110.39
, DistFront, 115.83, DistDow, 314.69, DistUp, 109.12
, DistFront, 114.68, DistDow, 3261.39, DistUp, 110.10
, DistFront, 113.91, DistDow, 3268.83, DistUp, 109.95
, DistFront, 438.11, DistDow, 3274.49, DistUp, 110.60
, DistFront, 115.70, DistDow, 3257.28, DistUp, 111.53
, DistFront, 113.96, DistDow, 315.70, DistUp, 111.04
, DistFront, 116.75, DistDow, 3314.97, DistUp, 109.76
, DistFront, 115.17, DistDow, 315.77, DistUp, 108.76
, DistFront, 113.84, DistDow, 3227.62, DistUp, 109.10
, DistFront, 113.76, DistDow, 317.06, DistUp, 109.47
, DistFront, 438.32, DistDow, 3260.88, DistUp, 111.14
, DistFront, 437.84, DistDow, 3276.80, DistUp, 112.21
, DistFront, 436.48, DistDow, 3277.45, DistUp, 111.11
, DistFront, 439.23, DistDow, 3252.24, DistUp, 110.07
, DistFront, 114.12, DistDow, 315.83, DistUp, 110.27
, DistFront, 114.61, DistDow, 3271.41, DistUp, 110.90
, DistFront, 114.25, DistDow, 318.11, DistUp, 108.69
, DistFront, 114.30, DistDow, 315.85, DistUp, 109.66
, DistFront, 437.67, DistDow, 3248.62, DistUp, 110.83
, DistFrontMean, 163.95, DistDowMean, 3268.62, DistUpMean, 110.99
, DistFront, 161.63, DistDow, 3267.21, DistUp, 111.92
, DistFront, 439.06, DistDow, 3282.21, DistUp, 112.02
, DistFront, 437.16, DistDow, 3258.96, DistUp, 111.77
, DistFront, 440.56, DistDow, 3240.17, DistUp, 109.52
, DistFront, 439.17, DistDow, 3258.40, DistUp, 110.32
, DistFront, 439.05, DistDow, 3294.35, DistUp, 109.69
, DistFront, 438.88, DistDow, 3289.85, DistUp, 110.53
, DistFront, 437.98, DistDow, 3277.96, DistUp, 110.37
, DistFront, 438.61, DistDow, 3286.84, DistUp, 110.03
, DistFront, 438.54, DistDow, 3297.87, DistUp, 109.69
, DistFront, 4.54, DistDow, 3290.32, DistUp, 109.91
, DistFront, 438.47, DistDow, 3271.85, DistUp, 110.66
, DistFront, 437.45, DistDow, 3283.38, DistUp, 109.98
, DistFront, 437.81, DistDow, 3264.40, DistUp, 110.27
, DistFront, 438.83, DistDow, 3260.27, DistUp, 110.07
, DistFront, 437.91, DistDow, 3265.34, DistUp, 109.85
, DistFront, 438.38, DistDow, 3263.88, DistUp, 109.39
, DistFront, 437.98, DistDow, 3257.53, DistUp, 109.71
, DistFront, 438.83, DistDow, 3295.41, DistUp, 110.97
, DistFront, 3.98, DistDow, 3267.62, DistUp, 109.06
, DistFrontMean, 165.75, DistDowMean, 3217.98, DistUpMean, 110.24
, DistFront, 159.03, DistDow, 3251.70, DistUp, 109.12
, DistFront, 112.55, DistDow, 3259.68, DistUp, 108.88
, DistFront, 438.55, DistDow, 3297.82, DistUp, 109.97
, DistFront, 438.91, DistDow, 3278.83, DistUp, 110.82
, DistFront, 438.47, DistDow, 3281.46, DistUp, 109.91
, DistFront, 4.54, DistDow, 3253.45, DistUp, 110.20
, DistFront, 114.40, DistDow, 316.46, DistUp, 111.77
, DistFront, 438.54, DistDow, 3278.52, DistUp, 110.03
, DistFront, 114.23, DistDow, 3297.02, DistUp, 109.98
, DistFront, 438.03, DistDow, 3298.76, DistUp, 109.85
, DistFront, 437.87, DistDow, 3284.12, DistUp, 110.19
, DistFront, 437.91, DistDow, 3254.40, DistUp, 109.46
, DistFront, 437.93, DistDow, 3277.26, DistUp, 110.12
, DistFront, 438.89, DistDow, 3290.56, DistUp, 109.95
, DistFront, 440.37, DistDow, 3281.80, DistUp, 109.71
, DistFront, 114.46, DistDow, 0.00, DistUp, 107.19
, DistFront, 3339.81, DistDow, 3276.04, DistUp, 81.02
, DistFront, 3322.09, DistDow, 3283.40, DistUp, 274.98
, DistFront, 200.12, DistDow, 3230.49, DistUp, 236.77
, DistFront, 4.42, DistDow, 0.00, DistUp, 61.09
, DistFrontMean, 3322.26, DistDowMean, 0.00, DistUpMean, 60.34
, DistFront, 4.54, DistDow, 0.00, DistUp, 61.96
, DistFront, 4.54, DistDow, 3270.54, DistUp, 63.78
, DistFront, 4.54, DistDow, 3290.27, DistUp, 63.13
, DistFront, 4.54, DistDow, 3255.17, DistUp, 61.70
, DistFront, 274.76, DistDow, 3224.97, DistUp, 62.52
, DistFront, 4.42, DistDow, 3239.88, DistUp, 62.55
, DistFront, 4.54, DistDow, 3280.83, DistUp, 62.16
, DistFront, 274.35, DistDow, 3275.73, DistUp, 61.84
, DistFront, 4.54, DistDow, 3268.67, DistUp, 62.62
, DistFront, 4.54, DistDow, 3250.10, DistUp, 62.31
, DistFront, 4.54, DistDow, 3276.92, DistUp, 61.84
, DistFront, 4.52, DistDow, 3293.71, DistUp, 61.73
, DistFront, 4.52, DistDow, 3283.45, DistUp, 61.62
, DistFront, 4.42, DistDow, 3287.60, DistUp, 62.28
, DistFront, 4.52, DistDow, 3274.49, DistUp, 63.38
, DistFront, 4.42, DistDow, 3292.28, DistUp, 64.18
, DistFront, 4.54, DistDow, 3274.66, DistUp, 63.13
, DistFront, 4.54, DistDow, 3290.14, DistUp, 62.09
, DistFront, 4.54, DistDow, 3273.40, DistUp, 62.26
, DistFront, 4.54, DistDow, 3251.33, DistUp, 63.03
, DistFrontMean, 3291.33, DistDowMean, 3280.49, DistUpMean, 63.33
, DistFront, 4.52, DistDow, 3292.24, DistUp, 62.28
, DistFront, 4.42, DistDow, 3295.95, DistUp, 62.04
, DistFront, 4.47, DistDow, 3266.41, DistUp, 61.68
, DistFront, 4.54, DistDow, 3275.10, DistUp, 62.09
, DistFront, 4.54, DistDow, 3266.80, DistUp, 62.74
, DistFront, 4.42, DistDow, 3284.40, DistUp, 62.21
, DistFront, 4.54, DistDow, 3289.39, DistUp, 62.06
, DistFront, 4.42, DistDow, 3271.14, DistUp, 61.62
, DistFront, 4.42, DistDow, 3275.07, DistUp, 61.77
, DistFront, 4.54, DistDow, 3239.66, DistUp, 61.70
, DistFront, 4.54, DistDow, 3280.10, DistUp, 61.45
, DistFront, 4.52, DistDow, 3232.16, DistUp, 61.97
, DistFront, 4.42, DistDow, 3319.20, DistUp, 60.54
, DistFront, 4.54, DistDow, 3259.49, DistUp, 60.66
, DistFront, 4.54, DistDow, 3262.11, DistUp, 60.37
, DistFront, 4.54, DistDow, 3263.18, DistUp, 61.17
, DistFront, 4.54, DistDow, 3261.68, DistUp, 60.32
, DistFront, 4.54, DistDow, 3271.17, DistUp, 60.37
, DistFront, 4.54, DistDow, 3267.40, DistUp, 60.88
, DistFront, 4.54, DistDow, 3269.23, DistUp, 59.83
, DistFrontMean, 3333.40, DistDowMean, 3235.32, DistUpMean, 60.07
, DistFront, 4.52, DistDow, 3278.35, DistUp, 60.92
, DistFront, 4.42, DistDow, 3287.99, DistUp, 60.46
, DistFront, 4.54, DistDow, 3275.66, DistUp, 60.03
, DistFront, 4.54, DistDow, 3246.09, DistUp, 60.05
, DistFront, 4.54, DistDow, 3291.97, DistUp, 60.37
, DistFront, 4.54, DistDow, 3298.47, DistUp, 60.70
, DistFront, 4.42, DistDow, 3264.91, DistUp, 60.39
, DistFront, 4.54, DistDow, 3242.52, DistUp, 61.84
, DistFront, 4.52, DistDow, 3265.17, DistUp, 61.24
, DistFront, 4.42, DistDow, 3283.06, DistUp, 61.99
, DistFront, 4.54, DistDow, 3275.75, DistUp, 61.21
, DistFront, 4.42, DistDow, 3301.55, DistUp, 61.31
, DistFront, 4.52, DistDow, 3307.69, DistUp, 60.60
, DistFront, 4.54, DistDow, 3255.61, DistUp, 60.54
, DistFront, 260.48, DistDow, 3292.47, DistUp, 59.18
, DistFront, 4.42, DistDow, 3303.40, DistUp, 58.96
, DistFront, 4.52, DistDow, 3264.46, DistUp, 59.52
, DistFront, 4.52, DistDow, 3279.85, DistUp, 59.61
, DistFront, 4.54, DistDow, 3286.33, DistUp, 59.88
, DistFront, 4.54, DistDow, 3286.67, DistUp, 60.05
, DistFrontMean, 3305.27, DistDowMean, 3285.19, DistUpMean, 59.56
, DistFront, 4.54, DistDow, 3278.04, DistUp, 59.35
, DistFront, 4.42, DistDow, 3254.54, DistUp, 58.81
, DistFront, 3316.39, DistDow, 3267.19, DistUp, 58.91
, DistFront, 3316.41, DistDow, 3278.71, DistUp, 59.42
, DistFront, 3284.76, DistDow, 3259.78, DistUp, 60.54
, DistFront, 3326.05, DistDow, 3241.70, DistUp, 60.12
, DistFront, 272.16, DistDow, 3309.76, DistUp, 60.07
, DistFront, 4.54, DistDow, 3268.88, DistUp, 59.66
, DistFront, 4.42, DistDow, 3263.20, DistUp, 59.54
, DistFront, 4.54, DistDow, 3278.13, DistUp, 59.71
, DistFront, 4.54, DistDow, 3249.78, DistUp, 60.77
, DistFront, 4.54, DistDow, 3248.71, DistUp, 59.97
, DistFront, 4.54, DistDow, 3262.93, DistUp, 59.90
, DistFront, 4.54, DistDow, 3270.10, DistUp, 59.91
, DistFront, 4.54, DistDow, 3312.89, DistUp, 60.14
, DistFront, 4.54, DistDow, 3290.14, DistUp, 60.20
, DistFront, 4.42, DistDow, 3283.47, DistUp, 61.02
, DistFront, 4.54, DistDow, 3282.98, DistUp, 60.27
, DistFront, 4.54, DistDow, 3261.60, DistUp, 61.02
, DistFront, 3304.06, DistDow, 3281.48, DistUp, 60.41
, DistFrontMean, 4.52, DistDowMean, 3277.99, DistUpMean, 60.27
, DistFront, 3338.04, DistDow, 3298.32, DistUp, 60.20
, DistFront, 3315.37, DistDow, 3267.91, DistUp, 60.63
, DistFront, 3339.00, DistDow, 3270.88, DistUp, 60.12
, DistFront, 3298.76, DistDow, 3249.35, DistUp, 61.39
, DistFront, 3290.10, DistDow, 3288.81, DistUp, 61.24
, DistFront, 275.32, DistDow, 3266.17, DistUp, 60.27
, DistFront, 4.54, DistDow, 3276.48, DistUp, 60.56
, DistFront, 4.54, DistDow, 3280.14, DistUp, 60.66
, DistFront, 4.54, DistDow, 3274.18, DistUp, 60.17
, DistFront, 4.42, DistDow, 3259.32, DistUp, 60.31
, DistFront, 272.47, DistDow, 3278.11, DistUp, 60.73
, DistFront, 4.54, DistDow, 3268.71, DistUp, 61.02
, DistFront, 4.54, DistDow, 3273.69, DistUp, 61.70
, DistFront, 3308.49, DistDow, 3271.85, DistUp, 61.45
, DistFront, 3330.20, DistDow, 3255.27, DistUp, 61.24
, DistFront, 3312.93, DistDow, 3284.98, DistUp, 61.24
, DistFront, 3332.06, DistDow, 3256.45, DistUp, 60.99
, DistFront, 3319.78, DistDow, 3258.69, DistUp, 61.77
, DistFront, 3293.67, DistDow, 3259.88, DistUp, 61.55
, DistFront, 3326.97, DistDow, 3253.13, DistUp, 61.45
, DistFrontMean, 4.42, DistDowMean, 3251.80, DistUpMean, 61.53
, DistFront, 3322.60, DistDow, 3275.19, DistUp, 61.63
, DistFront, 3336.02, DistDow, 3263.32, DistUp, 61.73
, DistFront, 3293.33, DistDow, 3266.45, DistUp, 61.41
, DistFront, 3323.47, DistDow, 3262.48, DistUp, 61.60
, DistFront, 3314.83, DistDow, 3259.59, DistUp, 60.63
, DistFront, 3342.98, DistDow, 3295.99, DistUp, 61.14
, DistFront, 3333.40, DistDow, 3288.03, DistUp, 60.85
, DistFront, 3343.10, DistDow, 3299.47, DistUp, 61.63
, DistFront, 3333.13, DistDow, 3289.68, DistUp, 60.56
, DistFront, 3322.04, DistDow, 3269.27, DistUp, 60.20
, DistFront, 3309.97, DistDow, 3276.73, DistUp, 60.07
, DistFront, 3333.35, DistDow, 3262.45, DistUp, 60.17
, DistFront, 3341.50, DistDow, 3286.28, DistUp, 60.53
, DistFront, 3315.32, DistDow, 3251.19, DistUp, 59.76
, DistFront, 3325.34, DistDow, 3253.88, DistUp, 58.61
, DistFront, 3323.42, DistDow, 3256.41, DistUp, 57.84
, DistFront, 3321.41, DistDow, 3196.04, DistUp, 60.37
, DistFront, 3326.99, DistDow, 3253.59, DistUp, 59.91
, DistFront, 3298.33, DistDow, 3282.82, DistUp, 60.48
, DistFront, 3277.55, DistDow, 3255.17, DistUp, 60.78
, DistFrontMean, 4.42, DistDowMean, 3266.90, DistUpMean, 60.88
, DistFront, 3308.54, DistDow, 3263.35, DistUp, 60.75
, DistFront, 272.47, DistDow, 3278.10, DistUp, 60.68
, DistFront, 4.52, DistDow, 3261.70, DistUp, 60.95
, DistFront, 312.81, DistDow, 3287.89, DistUp, 62.26
, DistFront, 314.49, DistDow, 3239.97, DistUp, 62.06
, DistFront, 4.54, DistDow, 3294.06, DistUp, 61.53
, DistFront, 314.47, DistDow, 3267.47, DistUp, 61.48
, DistFront, 4.54, DistDow, 3257.53, DistUp, 61.33
, DistFront, 3316.31, DistDow, 3231.41, DistUp, 61.31
, DistFront, 3334.13, DistDow, 3248.54, DistUp, 61.53
, DistFront, 3301.05, DistDow, 3255.73, DistUp, 62.53
, DistFront, 3315.60, DistDow, 3244.78, DistUp, 61.70
, DistFront, 3326.1ObstDistMin60cm 
, , DistFront, 3297.06, DistDow, 3250.12, DistUp, 61.11
, DistFront, 3333.76, DistDow, 3248.03, DistUp, 61.26
, DistFront, 3279.17, DistDow, 3261.97, DistUp, 61.41
, DistFront, 3332.48, DistDow, 3265.43, DistUp, 60.99
, DistFront, 3336.17, DistDow, 3248.98, DistUp, 61.19
, DistFront, 3291.28, DistDow, 3249.39, DistUp, 61.67
, DistFront, 3313.16, DistDow, 3241.14, DistUp, 61.31
, DistFrontMean, 4.54, DistDowMean, 3279.12, DistUpMean, 61.48
, DistFront, 3298.61, DistDow, 3279.03, DistUp, 62.19
, DistFront, 3324.91, DistDow, 3283.47, DistUp, 61.62
, DistFront, 3300.77, DistDow, 3236.84, DistUp, 61.80
, DistFront, 3303.84, DistDow, 3252.60, DistUp, 62.02
, DistFront, 3322.38, DistDow, 3243.20, DistUp, 62.06
, DistFront, 3334.54, DistDow, 3240.32, DistUp, 60.75
, DistFront, 3308.06, DistDow, 3278.38, DistUp, 60.48
, DistFront, 3325.39, DistDow, 3248.04, DistUp, 60.99
, DistFront, 3305.05, DistDow, 3267.76, DistUp, 61.19
, DistFront, 3339.05, DistDow, 3255.53, DistUp, 61.67
, DistFront, 3319.83, DistDow, 3266.82, DistUp, 61.48
, DistFront, 3311.99, DistDow, 3242.89, DistUp, 61.11
, DistFront, 3323.33, DistDow, 3250.70, DistUp, 61.63
, DistFront, 3307.04, DistDow, 3250.10, DistUp, 61.50
, DistFront, 3295.53, DistDow, 3257.81, DistUp, 60.78
, DistFront, 3318.11, DistDow, 3261.56, DistUp, 60.46
, DistFront, 3318.89, DistDow, 3263.71, DistUp, 61.05
, DistFront, 3316.89, DistDow, 3259.40, DistUp, 60.82
, DistFront, 313.13, DistDow, 3288.27, DistUp, 60.53
, DistFront, 4.42, DistDow, 3243.67, DistUp, 60.68
, DistFrontMean, 3324.25, DistDowMean, 3252.99, DistUpMean, 60.70
, DistFront, 4.54, DistDow, 3228.84, DistUp, 61.46
, DistFront, 4.54, DistDow, 3271.05, DistUp, 60.39
, DistFront, 4.54, DistDow, 3240.32, DistUp, 60.39
, DistFront, 4.42, DistDow, 3252.69, DistUp, 60.83
, DistFront, 3322.47, DistDow, 3263.54, DistUp, 60.54
, DistFront, 271.85, DistDow, 3250.77, DistUp, 60.31
, DistFront, 4.54, DistDow, 3299.76, DistUp, 60.34
, DistFront, 4.54, DistDow, 3240.24, DistUp, 59.98
, DistFront, 4.54, DistDow, 3257.67, DistUp, 60.43
, DistFront, 4.52, DistDow, 3285.73, DistUp, 59.39
, DistFront, 4.54, DistDow, 3238.28, DistUp, 60.63
, DistFront, 4.54, DistDow, 3255.07, DistUp, 60.27
, DistFront, 4.54, DistDow, 3260.99, DistUp, 60.43
, DistFront, 4.54, DistDow, 3270.88, DistUp, 59.88
, DistFront, 4.54, DistDow, 3257.93, DistUp, 60.07
, DistFront, 4.52, DistDow, 3235.02, DistUp, 60.26
, DistFront, 4.42, DistDow, 3271.33, DistUp, 60.88
, DistFront, 313.47, DistDow, 3246.77, DistUp, 60.83
, DistFront, 4.52, DistDow, 3270.39, DistUp, 59.83
, DistFront, 4.54, DistDow, 3277.18, DistUp, 59.98
, DistFrontMean, 3291.77, DistDowMean, 3252.82, DistUpMean, 60.10
, DistFront, 4.52, DistDow, 3257.91, DistUp, 59.98
, DistFront, 4.54, DistDow, 3286.34, DistUp, 60.24
, DistFront, 4.52, DistDow, 3280.41, DistUp, 60.83
, DistFront, 4.54, DistDow, 3263.78, DistUp, 59.95
, DistFront, 4.54, DistDow, 3272.62, DistUp, 60.75
, DistFront, 4.54, DistDow, 3248.28, DistUp, 59.68
, DistFront, 4.54, DistDow, 3273.49, DistUp, 59.54
, DistFront, 4.52, DistDow, 3278.54, DistUp, 59.90
, DistFront, 4.52, DistDow, 3277.24, DistUp, 59.23
, DistFront, 4.52, DistDow, 3261.31, DistUp, 59.23
, DistFront, 4.52, DistDow, 3275.05, DistUp, 59.83
, DistFront, 4.54, DistDow, 3270.19, DistUp, 60.78
, DistFront, 4.42, DistDow, 3260.82, DistUp, 60.83
, DistFront, 4.54, DistDow, 3253.71, DistUp, 59.74
, DistFront, 4.54, DistDow, 3243.69, DistUp, 60.07
, DistFront, 4.54, DistDow, 3277.33, DistUp, 60.75
, DistFront, 4.54, DistDow, 3249.61, DistUp, 59.52
, DistFront, 4.54, DistDow, 3268.69, DistUp, 59.54
, DistFront, 4.52, DistDow, 3225.26, DistUp, 60.88
, DistFront, 4.54, DistDow, 3264.52, DistUp, 60.78
, DistFrontMean, 3335.68, DistDowMean, 3267.69, DistUpMean, 61.04
, DistFront, 4.42, DistDow, 3269.25, DistUp, 60.97
, DistFront, 4.42, DistDow, 3253.27, DistUp, 60.99
, DistFront, 4.54, DistDow, 3256.33, DistUp, 60.39
, DistFront, 3328.04, DistDow, 3244.91, DistUp, 59.66
, DistFront, 3330.97, DistDow, 3243.23, DistUp, 60.60
, DistFront, 3333.10, DistDow, 3244.46, DistUp, 59.98
, DistFront, 3338.84, DistDow, 3256.39, DistUp, 60.14
, DistFront, 3319.95, DistDow, 3263.91, DistUp, 60.54
, DistFront, 3317.82, DistDow, 3286.02, DistUp, 60.49
, DistFront, 3332.28, DistDow, 3276.60, DistUp, 61.41
, DistFront, 3310.83, DistDow, 3252.45, DistUp, 61.34
, DistFront, 3338.42, DistDow, 3254.63, DistUp, 60.66
, DistFront, 3297.47, DistDow, 3245.03, DistUp, 60.90
, DistFront, 3330.73, DistDow, 3257.76, DistUp, 60.48
, DistFront, 3303.62, DistDow, 3261.63, DistUp, 61.11
, DistFront, 3321.38, DistDow, 3241.85, DistUp, 60.54
, DistFront, 3298.89, DistDow, 3249.40, DistUp, 60.85
, DistFront, 3303.11, DistDow, 3265.20, DistUp, 61.63
, DistFront, 3301.38, DistDow, 3255.17, DistUp, 61.09
, DistFront, 3320.75, DistDow, 3226.31, DistUp, 61.14
, DistFrontMean, 4.42, DistDowMean, 3254.52, DistUpMean, 60.68
, DistFront, 3338.18, DistDow, 3261.73, DistUp, 60.46
, DistFront, 3291.84, DistDow, 3233.20, DistUp, 60.31
, DistFront, 3324.91, DistDow, 3271.75, DistUp, 61.26
, DistFront, 3306.53, DistDow, 3247.18, DistUp, 60.99
, DistFront, 3321.31, DistDow, 3264.00, DistUp, 61.34
, DistFront, 3299.25, DistDow, 3239.35, DistUp, 60.63
, DistFront, 3300.31, DistDow, 3265.83, DistUp, 60.70
, DistFront, 3275.70, DistDow, 3255.66, DistUp, 60.54
, DistFront, 3296.99, DistDow, 3263.64, DistUp, 60.43
, DistFront, 3299.78, DistDow, 3279.98, DistUp, 61.24
, DistFront, 3286.96, DistDow, 3248.23, DistUp, 60.90
, DistFront, 3288.83, DistDow, 3245.31, DistUp, 61.41
, DistFront, 3320.60, DistDow, 3248.84, DistUp, 61.62
, DistFront, 3308.04, DistDow, 3269.13, DistUp, 61.70
, DistFront, 3292.31, DistDow, 3247.84, DistUp, 60.05
, DistFront, 3303.33, DistDow, 3259.42, DistUp, 59.39
, DistFront, 3319.46, DistDow, 3257.45, DistUp, 59.18
, DistFront, 3313.45, DistDow, 3242.11, DistUp, 59.68
, DistFront, 3325.24, DistDow, 3263.91, DistUp, 60.10
, DistFront, 3327.41, DistDow, 3247.35, DistUp, 60.14
, DistFrontMean, 4.54, DistDowMean, 3234.66, DistUpMean, 60.19
, DistFront, 3319.98, DistDow, 3265.66, DistUp, 60.88
, DistFront, 3328.61, DistDow, 3240.34, DistUp, 60.41
, DistFront, 3296.24, DistDow, 3247.55, DistUp, 60.66
, DistFront, 3297.70, DistDow, 3273.47, DistUp, 60.97
, DistFront, 3289.83, DistDow, 3273.76, DistUp, 60.61
, DistFront, 313.18, DistDow, 3281.41, DistUp, 60.53
, DistFront, 4.54, DistDow, 3236.56, DistUp, 61.28
, DistFront, 4.54, DistDow, 3245.34, DistUp, 61.19
, DistFront, 4.54, DistDow, 3307.69, DistUp, 61.84
, DistFront, 4.42, DistDow, 3250.14, DistUp, 61.68
, DistFront, 4.54, DistDow, 3280.24, DistUp, 61.60
, DistFront, 4.52, DistDow, 3277.04, DistUp, 61.24
, DistFront, 4.54, DistDow, 3256.02, DistUp, 60.99
, DistFront, 4.54, DistDow, 3284.78, DistUp, 61.63
, DistFront, 4.54, DistDow, 3278.25, DistUp, 60.75
, DistFront, 4.54, DistDow, 3248.61, DistUp, 60.63
, DistFront, 4.42, DistDow, 3268.64, DistUp, 59.74
, DistFront, 4.54, DistDow, 3246.19, DistUp, 60.49
, DistFront, 4.54, DistDow, 3265.37, DistUp, 60.24
, DistFront, 4.54, DistDow, 3278.98, DistUp, 60.60
, DistFrontMean, 3313.78, DistDowMean, 3247.26, DistUpMean, 61.09
, DistFront, 4.40, DistDow, 3269.88, DistUp, 61.75
, DistFront, 4.54, DistDow, 3275.43, DistUp, 61.85
, DistFront, 4.54, DistDow, 3273.84, DistUp, 61.70
, DistFront, 4.54, DistDow, 3252.26, DistUp, 61.28
, DistFront, 4.42, DistDow, 3270.05, DistUp, 61.48
, DistFront, 4.54, DistDow, 3295.68, DistUp, 61.46
, DistFront, 3304.68, DistDow, 3268.91, DistUp, 61.75
, DistFront, 3290.75, DistDow, 3241.24, DistUp, 60.90
, DistFront, 3316.55, DistDow, 3242.93, DistUp, 60.66
, DistFront, 3314.61, DistDow, 3287.77, DistUp, 60.63
, DistFront, 3315.88, DistDow, 3254.34, DistUp, 61.05
, DistFront, 3290.54, DistDow, 3249.20, DistUp, 60.77
, DistFront, 3310.10, DistDow, 3258.42, DistUp, 60.05
, DistFront, 3299.00, DistDow, 3264.97, DistUp, 59.46
, DistFront, 3275.83, DistDow, 3257.67, DistUp, 59.74
, DistFront, 3305.24, DistDow, 3259.74, DistUp, 60.03
, DistFront, 3328.59, DistDow, 3271.90, DistUp, 60.05
, DistFront, 3291.77, DistDow, 3255.48, DistUp, 60.54
, DistFront, 3312.57, DistDow, 3257.89, DistUp, 61.45
, DistFront, 3305.83, DistDow, 3245.90, DistUp, 61.60
, DistFrontMean, 4.52, DistDowMean, 3263.23, DistUpMean, 61.68
, DistFront, 3321.21, DistDow, 3262.60, DistUp, 61.80
, DistFront, 3315.77, DistDow, 3249.90, DistUp, 62.96
, DistFront, 3329.35, DistDow, 3276.73, DistUp, 61.60
, DistFront, 3305.32, DistDow, 3237.62, DistUp, 61.24
, DistFront, 3314.76, DistDow, 3271.62, DistUp, 62.16
, DistFront, 3302.09, DistDow, 3261.34, DistUp, 60.95
, DistFront, 3305.48, DistDow, 3265.97, DistUp, 61.99
, DistFront, 3323.71, DistDow, 3253.10, DistUp, 61.85
, DistFront, 274.56, DistDow, 3274.90, DistUp, 62.19
, DistFront, 3302.18, DistDow, 3260.99, DistUp, 62.76
, DistFront, 3285.99, DistDow, 3250.34, DistUp, 61.31
, DistFront, 3307.21, DistDow, 3262.16, DistUp, 61.34
, DistFront, 3297.06, DistDow, 3253.47, DistUp, 61.45
, DistFront, 3309.00, DistDow, 3246.39, DistUp, 60.63
, DistFront, 3308.83, DistDow, 3280.12, DistUp, 60.14
, DistFront, 3263.28, DistDow, 3229.06, DistUp, 60.60
, DistFront, 3310.82, DistDow, 3270.75, DistUp, 60.85
, DistFront, 3299.18, DistDow, 3273.55, DistUp, 60.49
, DistFront, 3302.87, DistDow, 3253.11, DistUp, 60.63
, DistFront, 3322.52, DistDow, 3247.93, DistUp, 60.60
, DistFrontMean, 4.54, DistDowMean, 3284.54, DistUpMean, 60.63
, DistFront, 3308.62, DistDow, 3264.59, DistUp, 60.78
, DistFront, 3305.82, DistDow, 3263.91, DistUp, 61.48
, DistFront, 3307.21, DistDow, 3258.78, DistUp, 62.16
, DistFront, 3303.88, DistDow, 3262.31, DistUp, 59.90
, DistFront, 3305.49, DistDow, 3257.60, DistUp, 60.68
, DistFront, 3329.18, DistDow, 3254.25, DistUp, 61.50
, DistFront, 3316.11, DistDow, 3286.45, DistUp, 63.32
, DistFront, 276.90, DistDow, 3287.13, DistUp, 62.99
, DistFront, 3.96, DistDow, 3267.35, DistUp, 62.53
, DistFront, 4.54, DistDow, 3238.18, DistUp, 61.90
, DistFront, 4.95, DistDow, 3300.95, DistUp, 62.84
, DistFront, 4.54, DistDow, 3232.74, DistUp, 62.48
, DistFront, 4.42, DistDow, 3265.63, DistUp, 63.04
, DistFront, 4.54, DistDow, 3271.63, DistUp, 62.48
, DistFront, 4.54, DistDow, 3257.24, DistUp, 62.81
, DistFront, 4.10, DistDow, 3266.55, DistUp, 63.13
, DistFront, 4.42, DistDow, 3279.78, DistUp, 63.23
, DistFront, 4.10, DistDow, 3259.61, DistUp, 62.84
, DistFront, 275.92, DistDow, 3261.11, DistUp, 62.77
, DistFront, 3274.61, DistDow, 3228.20, DistUp, 62.19
, DistFrontMean, 4.54, DistDowMean, 3267.60, DistUpMean, 62.82
, DistFront, 3300.07, DistDow, 3244.52, DistUp, 61.96
, DistFront, 3309.85, DistDow, 3247.96, DistUp, 61.75
, DistFront, 3307.35, DistDow, 3261.48, DistUp, 62.40
, DistFront, 3272.09, DistDow, 3271.21, DistUp, 62.48
, DistFront, 3308.69, DistDow, 3259.10, DistUp, 62.04
, DistFront, 273.20, DistDow, 3264.83, DistUp, 62.16
, DistFront, 4.52, DistDow, 3280.02, DistUp, 62.04
, DistFront, 4.52, DistDow, 3260.73, DistUp, 61.80
, DistFront, 4.54, DistDow, 3246.82, DistUp, 61.33
, DistFront, 4.54, DistDow, 3266.56, DistUp, 61.56
, DistFront, 4.54, DistDow, 3265.43, DistUp, 61.05
, DistFront, 3297.60, DistDow, 3277.96, DistUp, 61.63
, DistFront, 3296.14, DistDow, 3279.78, DistUp, 62.04
, DistFront, 3311.05, DistDow, 3247.62, DistUp, 61.63
, DistFront, 3316.05, DistDow, 3253.95, DistUp, 61.70
, DistFront, 3322.52, DistDow, 3239.49, DistUp, 61.39
, DistFront, 3329.59, DistDow, 3282.26, DistUp, 61.80
, DistFront, 3287.62, DistDow, 3267.64, DistUp, 62.35
, DistFront, 3324.66, DistDow, 3258.04, DistUp, 62.18
, DistFront, 3315.10, DistDow, 3285.17, DistUp, 62.18
, DistFrontMean, 4.54, DistDowMean, 3245.10, DistUpMean, 61.38
, DistFront, 3310.26, DistDow, 3286.28, DistUp, 61.48
, DistFront, 3299.47, DistDow, 3261.12, DistUp, 60.46
, DistFront, 3286.38, DistDow, 3270.82, DistUp, 60.54
, DistFront, 312.48, DistDow, 3248.32, DistUp, 60.53
, DistFront, 3302.84, DistDow, 3235.99, DistUp, 61.02
, DistFront, 3303.52, DistDow, 3273.52, DistUp, 60.75
, DistFront, 3307.53, DistDow, 3251.77, DistUp, 60.34
, DistFront, 3318.35, DistDow, 3257.26, DistUp, 61.50
, DistFront, 3300.20, DistDow, 3252.64, DistUp, 61.90
, DistFront, 3291.12, DistDow, 3279.98, DistUp, 61.11
, DistFront, 3287.89, DistDow, 3244.85, DistUp, 60.39
, DistFront, 3215.05, DistDow, 3286.38, DistUp, 61.31
, DistFront, 3321.19, DistDow, 3256.48, DistUp, 61.34
, DistFront, 3298.47, DistDow, 3259.47, DistUp, 60.97
, DistFront, 3298.91, DistDow, 3237.33, DistUp, 61.75
, DistFront, 274.95, DistDow, 3241.80, DistUp, 61.84
, DistFront, 4.54, DistDow, 3241.48, DistUp, 62.13
, DistFront, 4.52, DistDow, 3232.18, DistUp, 62.06
, DistFront, 4.52, DistDow, 3256.31, DistUp, 61.45
, DistFront, 4.54, DistDow, 3266.68, DistUp, 61.63
, DistFrontMean, 3292.48, DistDowMean, 3221.89, DistUpMean, 62.18
, DistFront, 4.54, DistDow, 3270.54, DistUp, 61.63
, DistFront, 4.54, DistDow, 3261.92, DistUp, 61.70
, DistFront, 4.54, DistDow, 3259.78, DistUp, 61.48
, DistFront, 4.54, DistDow, 3269.54, DistUp, 62.19
, DistFront, 4.54, DistDow, 3256.21, DistUp, 61.99
, DistFront, 4.42, DistDow, 3261.62, DistUp, 61.99
, DistFront, 4.54, DistDow, 3293.78, DistUp, 61.34
, DistFront, 4.54, DistDow, 3235.10, DistUp, 61.45
, DistFront, 4.54, DistDow, 3254.30, DistUp, 62.60
, DistFront, 4.42, DistDow, 3276.05, DistUp, 62.81
, DistFront, 4.46, DistDow, 3263.69, DistUp, 62.19
, DistFront, 4.06, DistDow, 3288.47, DistUp, 62.81
, DistFront, 4.42, DistDow, 3270.39, DistUp, 62.35
, DistFront, 4.54, DistDow, 3252.02, DistUp, 61.68
, DistFront, 4.54, DistDow, 3208.04, DistUp, 61.80
, DistFront, 4.54, DistDow, 3262.69, DistUp, 63.20
, DistFront, 4.52, DistDow, 3246.82, DistUp, 62.81
, DistFront, 4.10, DistDow, 3296.14, DistUp, 63.45
, DistFront, 4.06, DistDow, 3262.04, DistUp, 63.35
, DistFront, 4.83, DistDow, 3243.06, DistUp, 63.04
, DistFrontMean, 3316.68, DistDowMean, 3252.48, DistUpMean, 62.26
, DistFront, 4.54, DistDow, 3236.26, DistUp, 61.96
, DistFront, 4.54, DistDow, 3250.03, DistUp, 61.96
, DistFront, 3.98, DistDow, 3239.13, DistUp, 62.24
, DistFront, 4.42, DistDow, 3265.63, DistUp, 62.69
, DistFront, 4.42, DistDow, 3303.54, DistUp, 62.76
, DistFront, 3304.85, DistDow, 3241.67, DistUp, 62.67
, DistFront, 3283.06, DistDow, 3236.99, DistUp, 61.38
, DistFront, 3283.62, DistDow, 3276.60, DistUp, 61.46
, DistFront, 3283.83, DistDow, 3271.48, DistUp, 62.62
, DistFront, 3301.62, DistDow, 3292.81, DistUp, 61.19
, DistFront, 3297.13, DistDow, 3275.99, DistUp, 61.96
, DistFront, 274.23, DistDow, 3296.33, DistUp, 61.96
, DistFront, 4.54, DistDow, 3284.23, DistUp, 61.31
, DistFront, 4.42, DistDow, 3244.78, DistUp, 62.16
, DistFront, 4.42, DistDow, 3230.60, DistUp, 62.11
, DistFront, 4.54, DistDow, 3249.46, DistUp, 62.81
, DistFront, 4.10, DistDow, 3255.39, DistUp, 62.52
, DistFront, 3.98, DistDow, 3262.67, DistUp, 62.76
, DistFront, 4.54, DistDow, 3279.42, DistUp, 62.04
, DistFront, 4.42, DistDow, 3260.20, DistUp, 61.85
, DistFrontMean, 3302.04, DistDowMean, 3267.52, DistUpMean, 61.60
, DistFront, 4.54, DistDow, 3256.38, DistUp, 61.80
, DistFront, 4.52, DistDow, 3271.34, DistUp, 62.40
, DistFront, 4.42, DistDow, 3265.20, DistUp, 62.47
, DistFront, 4.54, DistDow, 3264.18, DistUp, 62.26
, DistFront, 4.54, DistDow, 3257.04, DistUp, 62.24
, DistFront, 4.54, DistDow, 3298.59, DistUp, 62.55
, DistFront, 4.42, DistDow, 3277.93, DistUp, 62.40
, DistFront, 4.52, DistDow, 3259.88, DistUp, 63.62
, DistFront, 4.54, DistDow, 3267.91, DistUp, 62.91
, DistFront, 4.54, DistDow, 3277.28, DistUp, 62.52
, DistFront, 4.52, DistDow, 3258.96, DistUp, 63.16
, DistFront, 4.54, DistDow, 3261.34, DistUp, 64.12
, DistFront, 4.95, DistDow, 3282.48, DistUp, 64.12
, DistFront, 4.42, DistDow, 3293.11, DistUp, 64.52
, DistFront, 4.54, DistDow, 3338.35, DistUp, 64.76
, DistFront, 4.54, DistDow, 3267.69, DistUp, 64.35
, DistFront, 4.52, DistDow, 3289.42, DistUp, 63.20
, DistFront, 4.54, DistDow, 3258.18, DistUp, 62.84
, DistFront, 4.54, DistDow, 3232.24, DistUp, 62.13
, DistFront, 4.52, DistDow, 3249.05, DistUp, 62.55
, DistFrontMean, 3292.19, DistDowMean, 3240.39, DistUpMean, 62.31
, Disnt, 63.54, DistDow, 65.17, DistUp, 7.35, DistFront, 4.52, DistDow, 3248.83, DistUp, 61.55
, DistFront, 4.54, DistDow, 3226.90, DistUp, 61.80
, DistFront, 4.54, DistDow, 3246.28, DistUp, 62.55
, DistFront, 4.52, DistDow, 3305.19, DistUp, 62.99
, DistFront, 4.54, DistDow, 3233.76, DistUp, 62.89
, DistFront, 3297.02, DistDow, 3251.77, DistUp, 63.20
, DistFront, 3313.91, DistDow, 3251.68, DistUp, 62.16
, DistFront, 3307.31, DistDow, 3217.62, DistUp, 61.82
, DistFront, 3330.10, DistDow, 3252.16, DistUp, 61.62
, DistFront, 3303.98, DistDow, 3275.12, DistUp, 62.21
, DistFront, 3317.02, DistDow, 3270.68, DistUp, 62.16
, DistFront, 3311.45, DistDow, 3273.69, DistUp, 62.70
, DistFront, 3322.93, DistDow, 3236.96, DistUp, 61.60
, DistFront, 3295.07, DistDow, 3263.88, DistUp, 61.50
, DistFront, 3297.57, DistDow, 3275.10, DistUp, 62.18
, DistFront, 3355.85, DistDow, 3268.38, DistUp, 62.35
, DistFront, 3279.03, DistDow, 3252.28, DistUp, 62.62
, DistFront, 3307.24, DistDow, 3260.90, DistUp, 63.11
, DistFront, 3324.97, DistDow, 3263.95, DistUp, 63.11
, DistFrontMean, 4.52, DistDowMean, 3261.31, DistUpMean, 64.27
, DistFront, 3310.92, DistDow, 3267.93, DistUp, 63.96
, DistFront, 3304.74, DistDow, 3239.30, DistUp, 63.67
, DistFront, 3299.81, DistDow, 3246.85, DistUp, 63.54
, DistFront, 3305.20, DistDow, 3260.02, DistUp, 62.76
, DistFront, 3297.77, DistDow, 3258.11, DistUp, 62.26
, DistFront, 3309.12, DistDow, 3260.12, DistUp, 62.87
, DistFront, 3321.84, DistDow, 3260.05, DistUp, 62.55
, DistFront, 3310.92, DistDow, 3252.38, DistUp, 62.64
, DistFront, 3300.37, DistDow, 3262.16, DistUp, 62.33
, DistFront, 3277.09, DistDow, 3247.96, DistUp, 61.41
, DistFront, 3289.78, DistDow, 3278.84, DistUp, 61.62
, DistFront, 3295.97, DistDow, 3262.52, DistUp, 61.50
, DistFront, 3294.83, DistDow, 3239.63, DistUp, 61.84
, DistFront, 263.16, DistDow, 3253.74, DistUp, 62.96
, DistFront, 4.54, DistDow, 3270.27, DistUp, 62.35
, DistFront, 4.42, DistDow, 3265.49, DistUp, 62.69
, DistFront, 4.54, DistDow, 3260.70, DistUp, 62.76
, DistFront, 4.54, DistDow, 3226.41, DistUp, 62.70
, DistFront, 4.54, DistDow, 3269.25, DistUp, 62.41
, DistFront, 4.54, DistDow, 3256.28, DistUp, 62.24
, DistFrontMean, 3275.61, DistDowMean, 3263.03, DistUpMean, 62.19
, DistFront, 4.42, DistDow, 3268.59, DistUp, 62.04
, DistFront, 4.54, DistDow, 3245.48, DistUp, 62.11
, DistFront, 4.54, DistDow, 3287.77, DistUp, 61.50
, DistFront, 4.42, DistDow, 3257.24, DistUp, 61.99
, DistFront, 4.54, DistDow, 3264.27, DistUp, 62.31
, DistFront, 4.54, DistDow, 3271.68, DistUp, 62.31
, DistFront, 4.42, DistDow, 3245.43, DistUp, 62.60
, DistFront, 316.85, DistDow, 3257.18, DistUp, 62.45
, DistFront, 4.54, DistDow, 3273.71, DistUp, 61.84
, DistFront, 4.54, DistDow, 3202.69, DistUp, 61.63
, DistFront, 4.54, DistDow, 3274.63, DistUp, 60.70
, DistFront, 4.54, DistDow, 3251.96, DistUp, 61.60
, DistFront, 4.42, DistDow, 3245.61, DistUp, 61.99
, DistFront, 4.54, DistDow, 3285.49, DistUp, 60.95
, DistFront, 4.83, DistDow, 3263.95, DistUp, 60.78
, DistFront, 4.54, DistDow, 3244.71, DistUp, 62.48
, DistFront, 4.54, DistDow, 3275.66, DistUp, 62.31
, DistFront, 4.52, DistDow, 3213.52, DistUp, 62.24
, DistFront, 4.42, DistDow, 3249.47, DistUp, 61.96
, DistFront, 4.54, DistDow, 3258.55, DistUp, 62.06
, DistFrontMean, 3293.11, DistDowMean, 3250.77, DistUpMean, 62.28
, DistFront, 4.54, DistDow, 3241.05, DistUp, 62.70
, DistFront, 4.54, DistDow, 3269.06, DistUp, 63.47
, DistFront, 4.83, DistDow, 3260.60, DistUp, 64.06
, DistFront, 4.54, DistDow, 3267.18, DistUp, 62.87
, DistFront, 4.52, DistDow, 3286.09, DistUp, 61.04
, DistFront, 4.42, DistDow, 3257.21, DistUp, 61.85
, DistFront, 4.54, DistDow, 3277.24, DistUp, 60.60
, DistFront, 4.10, DistDow, 3212.91, DistUp, 61.92
, DistFront, 4.54, DistDow, 3263.62, DistUp, 62.96
, DistFront, 4.54, DistDow, 3270.32, DistUp, 61.92
, DistFront, 4.54, DistDow, 3254.69, DistUp, 61.63
, DistFront, 4.54, DistDow, 3293.76, DistUp, 61.39
, DistFront, 4.42, DistDow, 3235.17, DistUp, 62.55
, DistFront, 4.54, DistDow, 3318.52, DistUp, 62.55
, DistFront, 4.54, DistDow, 3259.76, DistUp, 62.19
, DistFront, 4.54, DistDow, 3227.67, DistUp, 62.38
, DistFront, 4.54, DistDow, 3278.67, DistUp, 62.70
, DistFront, 4.42, DistDow, 3275.68, DistUp, 62.28
, DistFront, 4.54, DistDow, 3263.81, DistUp, 62.21
, DistFront, 4.54, DistDow, 3262.21, DistUp, 62.55
, DistFrontMean, 3278.13, DistDowMean, 3278.13, DistUpMean, 63.33
, DistFront, 4.42, DistDow, 3249.81, DistUp, 63.45
, DistFront, 4.95, DistDow, 3238.81, DistUp, 63.61
, DistFront, 4.54, DistDow, 3233.38, DistUp, 62.55
, DistFront, 4.54, DistDow, 3254.88, DistUp, 63.11
, DistFront, 4.95, DistDow, 3227.31, DistUp, 62.70
, DistFront, 4.42, DistDow, 3290.20, DistUp, 63.40
, DistFront, 4.54, DistDow, 3287.16, DistUp, 63.40
, DistFront, 4.54, DistDow, 3274.71, DistUp, 63.38
, DistFront, 4.95, DistDow, 3284.88, DistUp, 63.04
, DistFront, 3319.20, DistDow, 3254.05, DistUp, 63.06
, DistFront, 3308.25, DistDow, 3274.71, DistUp, 62.84
, DistFront, 3308.52, DistDow, 3249.25, DistUp, 62.55
, DistFront, 3308.55, DistDow, 3244.56, DistUp, 62.55
, DistFront, 3311.17, DistDow, 3263.64, DistUp, 62.35
, DistFront, 3313.38, DistDow, 3263.16, DistUp, 63.03
, DistFront, 3294.35, DistDow, 3276.82, DistUp, 63.11
, DistFront, 3295.97, DistDow, 3253.45, DistUp, 62.60
, DistFront, 3292.87, DistDow, 3254.95, DistUp, 62.18
, DistFront, 3266.12, DistDow, 3241.73, DistUp, 62.19
, DistFront, 3339.27, DistDow, 3279.47, DistUp, 62.19
, DistFrontMean, 4.54, DistDowMean, 3265.78, DistUpMean, 62.45
, DistFront, 3283.40, DistDow, 3258.10, DistUp, 62.28
, DistFront, 3304.63, DistDow, 3254.52, DistUp, 61.50
, DistFront, 3277.77, DistDow, 3266.41, DistUp, 61.31
, DistFront, 3307.57, DistDow, 3290.56, DistUp, 62.02
, DistFront, 3302.81, DistDow, 3268.18, DistUp, 62.96
, DistFront, 3283.84, DistDow, 3241.73, DistUp, 62.04
, DistFront, 3283.64, DistDow, 3263.83, DistUp, 61.11
, DistFront, 3294.52, DistDow, 3281.48, DistUp, 62.24
, DistFront, 3302.19, DistDow, 3233.61, DistUp, 62.96
, DistFront, 3303.47, DistDow, 3256.21, DistUp, 62.06
, DistFront, 3323.52, DistDow, 3266.67, DistUp, 61.96
, DistFront, 3323.74, DistDow, 3240.77, DistUp, 62.06
, DistFront, 3305.61, DistDow, 3276.67, DistUp, 61.46
, DistFront, 3295.05, DistDow, 3268.13, DistUp, 61.38
, DistFront, 3299.81, DistDow, 3246.14, DistUp, 62.52
, DistFront, 3300.97, DistDow, 3264.91, DistUp, 61.67
, DistFront, 3308.95, DistDow, 3277.33, DistUp, 60.90
, DistFront, 3306.26, DistDow, 3277.48, DistUp, 61.02
, DistFront, 3287.41, DistDow, 3274.27, DistUp, 61.85
, DistFront, 3313.98, DistDow, 3272.48, DistUp, 62.55
, DistFrontMean, 4.54, DistDowMean, 3275.48, DistUpMean, 64.12
, DistFront, 3316.41, DistDow, 3281.19, DistUp, 63.62
